user_id,title_id,title_name,genre,country,device,watch_duration_min,completion_rate,subscription_type,rating,watch_date
25795,286,Black Mirror,Sci-Fi,Australia,Mobile,57,0.25,Standard,5,2024-11-21
10860,291,Squid Game,Thriller,India,Tablet,132,0.15,Basic,4,2024-11-14
86820,213,The Crown,Sci-Fi,Canada,TV,162,0.72,Standard,3,2024-11-26
64886,165,Narcos,Thriller,Australia,Tablet,165,0.76,Standard,5,2024-06-01
16265,5,Bridgerton,Sci-Fi,Australia,Laptop,61,0.14,Premium,5,2024-04-13
92386,339,Money Heist,Action,Brazil,Mobile,56,0.94,Basic,2,2024-03-15
47194,379,Black Mirror,Romance,India,Laptop,141,0.18,Standard,1,2024-05-07
97498,78,Squid Game,Thriller,India,TV,115,0.36,Premium,2,2024-07-17
54131,410,Dark,Sci-Fi,India,Tablet,5,0.71,Standard,1,2024-06-02
70263,62,Money Heist,Drama,Australia,Tablet,48,0.25,Standard,1,2024-02-25
26023,132,Narcos,Action,UK,Tablet,79,0.15,Premium,5,2024-10-04
51090,89,The Witcher,Action,United States,Laptop,102,0.4,Premium,1,2024-12-10
77221,237,Bridgerton,Drama,Canada,Mobile,13,0.79,Basic,3,2024-01-19
74820,42,Stranger Things,Sci-Fi,United States,Laptop,36,0.47,Standard,3,2024-06-07
10769,89,Narcos,Comedy,Australia,Laptop,19,0.69,Premium,3,2024-01-26
69735,402,Narcos,Drama,United States,TV,144,0.62,Premium,5,2024-06-17
72955,296,The Witcher,Sci-Fi,Australia,TV,140,0.12,Basic,2,2024-01-23
74925,328,Ozark,Drama,United States,TV,76,0.99,Basic,4,2024-02-16
77969,295,The Witcher,Drama,India,Mobile,159,0.14,Premium,1,2024-01-13
15311,104,Ozark,Thriller,Germany,Mobile,16,0.97,Basic,4,2024-08-04
93104,14,Ozark,Sci-Fi,India,TV,69,0.59,Premium,2,2024-11-17
63707,288,Black Mirror,Comedy,India,TV,111,0.97,Standard,2,2024-07-12
95305,179,Black Mirror,Romance,Brazil,Mobile,46,0.2,Basic,5,2024-05-23
38693,125,The Crown,Thriller,Brazil,Tablet,119,0.54,Standard,3,2024-03-13
81932,422,Squid Game,Drama,United States,Mobile,143,0.25,Standard,3,2024-06-04
35658,353,Squid Game,Romance,Australia,Mobile,107,0.15,Standard,2,2024-03-17
94478,23,Stranger Things,Crime,India,Mobile,175,0.66,Premium,5,2024-06-17
28431,63,Squid Game,Romance,United States,TV,99,0.29,Standard,5,2024-10-13
12747,143,Black Mirror,Drama,Brazil,Tablet,21,0.63,Standard,1,2024-03-25
69150,481,The Crown,Drama,Germany,Mobile,164,0.2,Standard,3,2024-06-30
75725,153,The Crown,Sci-Fi,Canada,TV,89,0.4,Premium,2,2024-11-10
94654,145,Ozark,Sci-Fi,United States,Laptop,172,0.8,Standard,4,2024-10-23
45773,225,The Witcher,Thriller,Germany,Laptop,155,0.49,Standard,3,2024-04-21
77435,495,Stranger Things,Comedy,Canada,Mobile,60,0.66,Basic,1,2024-08-17
66886,450,Ozark,Thriller,UK,Laptop,138,0.68,Premium,5,2024-04-05
76803,462,The Witcher,Action,United States,Tablet,90,0.86,Standard,2,2024-06-16
41551,309,Squid Game,Drama,United States,Laptop,106,0.39,Basic,3,2024-06-04
21394,104,Ozark,Romance,UK,Laptop,169,0.72,Premium,4,2024-04-14
79092,104,Money Heist,Crime,UK,Tablet,58,0.97,Premium,1,2024-07-11
13890,435,Squid Game,Drama,United States,Mobile,119,0.76,Premium,1,2024-11-25
51606,39,The Witcher,Drama,UK,Mobile,143,0.54,Premium,3,2024-05-11
90038,435,Stranger Things,Thriller,India,Tablet,92,0.67,Premium,4,2024-12-20
97313,198,The Witcher,Crime,Canada,Tablet,53,0.77,Premium,1,2024-05-17
20627,134,Ozark,Crime,Canada,Tablet,153,0.65,Standard,2,2024-11-26
18792,67,Ozark,Crime,Canada,Laptop,119,0.12,Standard,1,2024-09-26
83969,391,Narcos,Thriller,India,Tablet,67,0.28,Standard,4,2024-02-07
53001,179,Stranger Things,Drama,Australia,TV,108,0.83,Standard,5,2024-02-14
86552,456,Dark,Thriller,UK,Laptop,87,0.35,Basic,5,2024-06-11
33897,42,Squid Game,Sci-Fi,Germany,Mobile,107,0.76,Standard,3,2024-11-26
78148,448,The Crown,Sci-Fi,UK,Mobile,160,0.43,Premium,4,2024-09-09
33483,15,Stranger Things,Thriller,United States,Mobile,21,0.57,Standard,1,2024-06-17
58555,111,The Crown,Crime,Brazil,Laptop,10,0.16,Standard,1,2024-10-11
27159,157,Stranger Things,Drama,Canada,TV,151,0.26,Premium,5,2024-09-30
90077,289,Stranger Things,Thriller,UK,Tablet,32,0.96,Standard,5,2024-01-20
45920,478,The Witcher,Thriller,Germany,Tablet,42,0.9,Standard,2,2024-08-26
77121,231,Stranger Things,Thriller,United States,Mobile,123,0.69,Standard,5,2024-09-26
79479,411,Narcos,Action,India,Mobile,41,0.51,Basic,2,2024-11-05
99475,420,Dark,Sci-Fi,Australia,Laptop,119,0.71,Standard,1,2024-01-31
29457,157,Ozark,Romance,India,TV,72,0.66,Premium,2,2024-11-09
76557,38,Bridgerton,Crime,Germany,Tablet,47,0.61,Premium,2,2024-04-13
87189,441,The Crown,Comedy,United States,Laptop,168,0.15,Standard,3,2024-06-18
88953,97,Ozark,Romance,Canada,Tablet,62,0.67,Standard,5,2024-07-04
62995,485,Bridgerton,Crime,UK,Mobile,17,0.79,Standard,2,2024-05-07
50757,411,Dark,Comedy,United States,Tablet,56,0.99,Premium,1,2024-07-28
19692,439,Dark,Action,Australia,TV,62,0.11,Premium,4,2024-10-07
55758,289,The Crown,Thriller,India,TV,36,0.76,Basic,2,2024-09-09
82409,254,The Crown,Action,Australia,Mobile,109,0.61,Basic,5,2024-01-19
81211,196,Dark,Action,Australia,TV,87,0.49,Basic,3,2024-07-18
75697,86,Bridgerton,Romance,Germany,TV,103,0.21,Premium,1,2024-08-07
47065,322,Stranger Things,Drama,Germany,Laptop,108,0.47,Basic,3,2024-05-15
42606,10,Squid Game,Romance,UK,Tablet,32,0.42,Standard,4,2024-08-10
21534,5,Money Heist,Sci-Fi,Germany,Mobile,133,0.37,Standard,2,2024-01-03
50397,123,Ozark,Comedy,Germany,Mobile,174,0.76,Premium,2,2024-08-23
11016,330,The Witcher,Thriller,United States,Mobile,52,0.73,Basic,5,2024-12-07
99789,353,Ozark,Romance,Canada,Mobile,44,0.63,Standard,2,2024-08-15
65591,118,The Witcher,Comedy,UK,Mobile,101,0.94,Premium,1,2024-05-21
99812,294,Bridgerton,Crime,United States,TV,118,0.41,Basic,4,2024-01-09
33247,397,The Witcher,Comedy,Canada,Laptop,136,0.32,Standard,3,2024-07-08
34300,159,The Crown,Crime,Australia,Mobile,170,0.69,Basic,4,2024-12-15
84065,303,Squid Game,Romance,United States,Laptop,159,0.28,Premium,2,2024-06-13
92798,228,Squid Game,Sci-Fi,Brazil,Laptop,141,0.38,Basic,3,2024-05-18
19268,365,The Crown,Romance,United States,TV,115,0.3,Premium,5,2024-10-02
96807,216,Narcos,Crime,Germany,Mobile,148,0.16,Basic,4,2024-10-17
22185,436,Bridgerton,Comedy,Canada,TV,80,0.84,Standard,3,2024-02-22
73704,184,Narcos,Comedy,UK,Mobile,35,0.33,Premium,3,2024-06-23
96779,15,Narcos,Crime,UK,TV,123,0.53,Premium,3,2024-04-19
49099,157,Ozark,Action,Canada,Laptop,146,0.14,Premium,1,2024-07-21
18571,136,Dark,Sci-Fi,Germany,Mobile,29,0.73,Basic,4,2024-05-15
48044,261,Ozark,Drama,India,Tablet,38,0.4,Basic,3,2024-01-04
61214,157,Dark,Thriller,United States,Laptop,71,0.77,Standard,4,2024-06-03
71228,47,Money Heist,Comedy,Germany,Tablet,156,0.47,Premium,3,2024-06-20
58984,324,The Witcher,Thriller,Brazil,Laptop,122,0.28,Premium,5,2024-12-23
50774,332,Dark,Drama,Australia,TV,77,0.56,Basic,5,2024-02-16
12568,173,The Crown,Romance,Canada,Mobile,30,0.22,Basic,5,2024-04-03
72592,130,Ozark,Thriller,United States,Laptop,152,0.5,Standard,2,2024-02-17
77563,411,Bridgerton,Drama,UK,TV,108,0.39,Standard,3,2024-08-27
12695,95,The Witcher,Crime,Australia,Mobile,14,0.92,Basic,2,2024-12-12
58190,115,Money Heist,Action,India,Mobile,71,0.15,Premium,4,2024-07-31
15258,243,Dark,Comedy,Brazil,Laptop,156,0.72,Standard,2,2024-12-05
97538,420,Money Heist,Drama,UK,Mobile,9,0.26,Basic,4,2024-11-19
49504,292,Bridgerton,Thriller,Canada,Laptop,31,0.39,Basic,4,2024-05-18
43159,282,Narcos,Comedy,United States,Mobile,117,0.47,Premium,4,2024-07-23
23986,299,Squid Game,Action,Canada,Tablet,19,0.92,Basic,2,2024-03-13
71858,283,Bridgerton,Crime,Australia,TV,167,0.32,Basic,3,2024-01-04
22666,69,Black Mirror,Romance,United States,Tablet,109,0.18,Standard,2,2024-03-16
48660,148,Bridgerton,Comedy,Germany,Laptop,48,0.39,Basic,3,2024-11-24
13561,11,Money Heist,Romance,India,Tablet,30,0.19,Basic,3,2024-03-17
36854,254,The Crown,Drama,Germany,Laptop,179,0.22,Standard,4,2024-10-30
74505,330,Ozark,Action,Germany,Mobile,166,0.62,Premium,2,2024-09-12
62251,360,The Crown,Thriller,Canada,Mobile,99,0.15,Premium,3,2024-04-11
32662,38,Money Heist,Action,Australia,Laptop,88,0.13,Standard,5,2024-04-15
18392,134,Ozark,Action,India,Tablet,144,0.74,Standard,3,2024-11-28
40535,200,Black Mirror,Sci-Fi,United States,Mobile,136,0.43,Premium,5,2024-02-08
88603,23,Squid Game,Action,United States,TV,91,0.21,Premium,2,2024-11-09
62256,303,The Witcher,Action,Brazil,Mobile,116,0.33,Premium,2,2024-10-01
99135,346,Money Heist,Comedy,UK,TV,133,0.68,Premium,2,2024-03-28
45222,302,Dark,Thriller,Brazil,Tablet,93,0.35,Premium,3,2024-07-29
87373,363,Money Heist,Comedy,Brazil,TV,70,0.55,Standard,1,2024-03-17
89575,396,Money Heist,Comedy,United States,TV,162,0.21,Basic,3,2024-03-17
94651,218,Ozark,Drama,Canada,TV,135,0.63,Premium,3,2024-01-28
73335,141,Stranger Things,Comedy,Germany,TV,126,0.38,Premium,4,2024-09-01
20965,104,Bridgerton,Sci-Fi,Australia,Mobile,153,0.66,Basic,4,2024-03-06
34538,446,Stranger Things,Sci-Fi,Germany,TV,88,0.83,Basic,3,2024-09-22
80592,210,Black Mirror,Romance,Germany,Mobile,120,0.65,Basic,5,2024-07-23
18110,473,Dark,Drama,India,TV,120,0.37,Basic,4,2024-02-27
89309,481,Squid Game,Romance,United States,Laptop,42,0.33,Basic,3,2024-07-19
37266,111,Narcos,Romance,Australia,Tablet,147,0.39,Basic,1,2024-08-12
62992,104,Black Mirror,Crime,Canada,TV,114,0.25,Standard,5,2024-05-21
92948,316,Narcos,Thriller,India,Laptop,50,0.26,Basic,2,2024-03-24
16910,171,Narcos,Thriller,UK,TV,29,0.81,Basic,3,2024-05-22
10206,460,Squid Game,Comedy,Canada,TV,25,0.45,Standard,3,2024-12-17
97054,492,The Crown,Comedy,Brazil,TV,125,0.49,Basic,5,2024-02-02
97897,356,Stranger Things,Crime,Canada,Laptop,126,0.63,Premium,4,2024-05-31
33419,496,Money Heist,Comedy,Canada,Tablet,137,0.63,Premium,4,2024-06-06
60636,324,The Witcher,Thriller,Germany,Laptop,74,0.16,Basic,4,2024-05-20
60015,133,Narcos,Romance,Canada,Tablet,117,0.85,Standard,2,2024-09-07
64268,376,Dark,Action,Brazil,TV,111,0.26,Premium,5,2024-10-29
97939,293,Black Mirror,Sci-Fi,Brazil,Mobile,116,0.75,Standard,5,2024-04-21
28141,328,The Crown,Action,United States,TV,112,0.8,Premium,4,2024-05-23
90356,127,Narcos,Action,Canada,Tablet,51,0.74,Basic,4,2024-07-27
81910,106,The Crown,Thriller,Germany,Laptop,95,0.62,Standard,1,2024-08-11
66044,497,The Crown,Action,Canada,TV,22,0.11,Standard,1,2024-02-12
77214,92,Narcos,Crime,UK,Laptop,153,0.42,Standard,3,2024-09-20
43827,287,Ozark,Drama,UK,Laptop,108,0.64,Premium,3,2024-08-31
65820,378,Bridgerton,Comedy,Germany,Laptop,155,0.45,Premium,5,2024-01-03
72623,393,Dark,Drama,United States,TV,44,0.88,Premium,5,2024-05-04
91734,51,Money Heist,Romance,United States,Laptop,142,0.38,Basic,2,2024-09-24
85450,29,Money Heist,Sci-Fi,Brazil,Laptop,93,0.36,Premium,2,2024-03-24
32299,462,Dark,Comedy,Brazil,TV,65,0.34,Basic,1,2024-01-16
53585,296,Ozark,Action,India,Laptop,9,0.4,Standard,3,2024-11-29
74044,297,Money Heist,Sci-Fi,Germany,TV,126,0.6,Standard,1,2024-02-28
52557,214,The Crown,Comedy,Canada,Tablet,59,0.74,Basic,1,2024-06-25
59080,267,Squid Game,Crime,Australia,Tablet,41,0.7,Premium,3,2024-03-03
12693,407,Black Mirror,Crime,Germany,Tablet,60,0.83,Basic,2,2024-02-18
79163,257,Stranger Things,Crime,India,Laptop,106,0.9,Standard,3,2024-11-02
35939,302,Money Heist,Crime,Brazil,Mobile,97,0.83,Standard,4,2024-09-02
58925,101,Dark,Action,Germany,Mobile,77,0.12,Basic,4,2024-10-15
52941,405,Squid Game,Drama,Germany,Laptop,63,0.76,Premium,4,2024-10-12
31834,346,Narcos,Comedy,Brazil,Mobile,6,0.29,Premium,5,2024-11-27
28047,110,Bridgerton,Action,India,TV,108,0.22,Basic,2,2024-01-15
36105,420,Dark,Crime,Brazil,Mobile,55,0.67,Basic,2,2024-12-03
85766,182,The Crown,Romance,United States,Laptop,34,0.39,Premium,5,2024-09-11
25707,471,Bridgerton,Drama,Canada,Laptop,15,0.15,Standard,1,2024-04-01
31976,313,Black Mirror,Romance,Brazil,TV,112,0.22,Basic,4,2024-10-05
54262,1,Black Mirror,Sci-Fi,India,Tablet,80,0.1,Premium,4,2024-07-24
33776,319,Ozark,Romance,UK,Laptop,171,0.91,Premium,1,2024-04-03
40080,438,The Witcher,Sci-Fi,United States,TV,94,0.12,Standard,3,2024-08-12
76842,55,Ozark,Sci-Fi,UK,Mobile,127,0.29,Standard,3,2024-10-27
71373,371,Squid Game,Crime,Australia,Mobile,129,0.47,Standard,2,2024-11-13
16776,424,Bridgerton,Sci-Fi,Brazil,TV,126,0.42,Standard,5,2024-07-17
65016,399,The Witcher,Thriller,United States,TV,98,0.92,Standard,2,2024-09-27
19474,149,Narcos,Comedy,Canada,Laptop,107,0.14,Basic,3,2024-08-21
68053,431,The Crown,Comedy,Brazil,Mobile,166,0.56,Premium,1,2024-02-15
31959,457,Bridgerton,Crime,Canada,TV,35,0.71,Basic,2,2024-03-04
15530,309,Ozark,Thriller,Germany,Mobile,56,0.94,Basic,4,2024-08-17
13748,137,Stranger Things,Romance,UK,TV,93,0.66,Basic,4,2024-09-05
23545,202,The Witcher,Action,United States,Mobile,80,0.82,Basic,1,2024-09-02
76199,436,The Witcher,Romance,Canada,Tablet,133,0.18,Basic,3,2024-03-15
44766,313,The Crown,Action,India,Laptop,26,0.45,Standard,4,2024-06-05
83530,117,Money Heist,Sci-Fi,Canada,Mobile,44,0.44,Standard,4,2024-08-10
71087,154,Black Mirror,Drama,India,Tablet,105,0.9,Premium,5,2024-07-08
78840,425,Black Mirror,Action,Brazil,Mobile,115,0.24,Basic,2,2024-02-21
64384,291,Stranger Things,Drama,United States,Mobile,133,0.24,Premium,3,2024-03-28
61005,63,Squid Game,Comedy,Canada,Tablet,69,0.4,Standard,2,2024-11-08
56576,244,Squid Game,Drama,Australia,Mobile,174,0.15,Standard,3,2024-12-04
49353,25,Narcos,Comedy,Canada,Mobile,153,0.26,Standard,4,2024-03-06
72003,90,Bridgerton,Thriller,Australia,Laptop,83,0.97,Basic,5,2024-05-29
93211,75,Dark,Thriller,United States,Tablet,26,0.49,Basic,2,2024-01-20
62733,294,Money Heist,Crime,Canada,Tablet,170,0.67,Standard,4,2024-02-02
75318,386,Ozark,Crime,India,TV,103,0.75,Premium,3,2024-11-23
99474,391,Dark,Sci-Fi,Canada,Mobile,12,0.43,Premium,2,2024-10-07
33664,210,Dark,Action,UK,Laptop,179,0.23,Standard,2,2024-02-15
77172,475,The Witcher,Sci-Fi,Brazil,Mobile,21,0.29,Premium,4,2024-03-13
95616,418,Stranger Things,Comedy,Germany,Mobile,21,0.38,Standard,2,2024-12-19
36736,347,Black Mirror,Sci-Fi,India,TV,94,0.67,Premium,5,2024-11-08
10854,17,Narcos,Drama,UK,Mobile,145,0.46,Standard,5,2024-12-08
48623,128,Squid Game,Comedy,Australia,Laptop,149,0.11,Premium,4,2024-05-12
17392,427,Stranger Things,Crime,Brazil,Laptop,170,0.57,Basic,3,2024-02-24
65680,443,The Witcher,Thriller,United States,TV,85,0.93,Standard,4,2024-03-01
56717,364,Ozark,Crime,India,Mobile,82,0.83,Standard,5,2024-12-10
97092,251,Narcos,Action,Germany,Laptop,177,0.84,Premium,1,2024-01-08
60859,179,The Witcher,Comedy,Brazil,Mobile,10,0.82,Standard,1,2024-09-28
36309,182,Black Mirror,Comedy,Australia,Mobile,167,0.39,Standard,2,2024-09-02
97455,152,Black Mirror,Drama,Germany,Mobile,114,0.79,Standard,2,2024-06-24
73734,25,Black Mirror,Action,United States,TV,18,0.23,Basic,1,2024-04-25
80467,455,Stranger Things,Thriller,United States,Mobile,76,0.69,Basic,5,2024-11-12
62662,180,Stranger Things,Romance,Australia,Laptop,147,0.68,Premium,2,2024-09-27
22688,198,Squid Game,Comedy,India,Mobile,58,0.12,Basic,4,2024-07-11
35342,344,Squid Game,Comedy,Australia,Laptop,31,0.81,Premium,4,2024-05-29
47157,161,Ozark,Drama,Canada,Mobile,17,0.91,Basic,5,2024-05-10
77863,177,Narcos,Sci-Fi,United States,Laptop,163,0.34,Premium,2,2024-04-11
62083,285,The Crown,Thriller,Brazil,Laptop,167,0.83,Basic,4,2024-11-05
75733,63,The Crown,Crime,Canada,Mobile,64,0.17,Basic,2,2024-09-26
99045,491,The Witcher,Action,UK,Mobile,10,0.64,Premium,2,2024-10-18
44698,150,Black Mirror,Comedy,Germany,Laptop,62,0.54,Standard,4,2024-07-28
90623,154,Narcos,Comedy,Canada,Tablet,53,0.59,Standard,1,2024-12-26
32671,156,Dark,Crime,Germany,TV,155,0.93,Basic,4,2024-12-03
35184,370,Stranger Things,Thriller,Australia,Tablet,166,0.88,Premium,5,2024-03-07
52107,469,Bridgerton,Sci-Fi,Canada,Tablet,30,0.81,Standard,3,2024-01-10
96202,49,Money Heist,Comedy,Australia,Mobile,51,0.35,Premium,4,2024-02-18
61663,455,Ozark,Thriller,UK,TV,9,0.92,Standard,2,2024-04-20
25708,337,Black Mirror,Crime,United States,Tablet,24,0.19,Premium,2,2024-11-16
59811,84,Black Mirror,Drama,UK,Mobile,138,0.87,Basic,4,2024-08-06
12811,361,Black Mirror,Sci-Fi,United States,Tablet,63,0.4,Premium,3,2024-02-26
66250,177,Stranger Things,Action,Australia,Tablet,150,0.15,Standard,4,2024-10-09
82082,148,Stranger Things,Comedy,United States,Mobile,136,0.7,Basic,3,2024-04-22
44754,118,Money Heist,Thriller,Germany,Mobile,21,0.31,Premium,3,2024-05-12
21411,342,Dark,Drama,Brazil,Mobile,18,0.32,Standard,5,2024-03-11
12911,476,Narcos,Action,UK,TV,17,0.38,Basic,2,2024-03-23
77270,63,Black Mirror,Romance,Canada,Tablet,139,0.16,Premium,2,2024-02-26
93763,189,The Crown,Thriller,UK,Mobile,132,0.26,Standard,3,2024-12-14
18680,360,Squid Game,Thriller,Germany,Laptop,48,0.1,Premium,2,2024-09-27
94896,49,The Crown,Action,United States,Tablet,123,0.5,Premium,1,2024-04-20
93879,327,The Witcher,Drama,Germany,Laptop,147,0.18,Basic,3,2024-12-22
81295,257,The Crown,Romance,India,TV,23,0.71,Basic,2,2024-03-16
98614,224,The Witcher,Crime,India,Mobile,67,0.31,Standard,1,2024-06-06
21111,141,Bridgerton,Drama,Canada,Laptop,167,0.95,Basic,5,2024-01-20
47504,478,Squid Game,Sci-Fi,Germany,TV,85,0.88,Standard,2,2024-05-10
11802,215,The Crown,Comedy,Australia,Mobile,167,0.36,Premium,1,2024-11-24
18155,435,Bridgerton,Action,Canada,Laptop,151,0.8,Premium,4,2024-05-01
83656,379,Ozark,Crime,Australia,Laptop,152,0.82,Standard,4,2024-02-10
49384,440,Narcos,Romance,Canada,TV,104,0.99,Premium,1,2024-06-15
57254,211,Bridgerton,Action,India,Mobile,167,0.64,Basic,3,2024-05-09
31918,318,Narcos,Action,Canada,Mobile,164,0.17,Premium,3,2024-01-23
95981,32,The Crown,Drama,India,Laptop,126,0.68,Basic,2,2024-10-05
70713,158,Dark,Comedy,United States,Laptop,48,0.66,Standard,4,2024-09-07
40306,285,Bridgerton,Sci-Fi,Australia,Laptop,108,0.67,Standard,3,2024-01-09
26646,305,Squid Game,Thriller,Germany,Mobile,156,0.38,Premium,3,2024-01-13
56843,429,The Crown,Thriller,Canada,TV,65,0.87,Premium,4,2024-11-02
26371,477,Black Mirror,Action,India,TV,129,0.96,Basic,5,2024-11-15
87371,286,Stranger Things,Comedy,UK,Mobile,149,0.3,Basic,3,2024-02-21
12049,144,Bridgerton,Romance,Australia,Tablet,75,0.18,Premium,1,2024-07-27
41616,424,Squid Game,Romance,Canada,TV,111,0.28,Premium,2,2024-02-07
30932,19,Ozark,Crime,Brazil,Laptop,54,0.84,Standard,3,2024-04-09
39855,18,Black Mirror,Drama,United States,Tablet,69,0.71,Standard,3,2024-07-11
71434,257,Ozark,Comedy,United States,Tablet,103,0.67,Standard,5,2024-07-09
82694,78,The Crown,Comedy,UK,TV,36,0.46,Premium,1,2024-02-20
53016,371,Stranger Things,Drama,India,Tablet,168,0.62,Premium,2,2024-05-20
17400,175,Bridgerton,Romance,Canada,Tablet,145,0.38,Premium,3,2024-06-16
52642,498,Bridgerton,Romance,Australia,TV,62,0.53,Standard,2,2024-11-06
25151,194,Dark,Romance,India,TV,132,0.81,Premium,4,2024-04-18
61407,476,Dark,Action,United States,Tablet,146,0.98,Basic,3,2024-07-25
76690,113,The Crown,Comedy,India,Laptop,169,0.94,Premium,3,2024-10-26
14499,114,The Crown,Thriller,United States,Mobile,116,0.94,Premium,4,2024-04-19
16295,222,Stranger Things,Drama,India,Tablet,72,0.46,Premium,5,2024-07-14
69040,166,Dark,Romance,UK,Tablet,44,0.52,Premium,3,2024-05-31
22183,435,Squid Game,Crime,Germany,Laptop,148,0.74,Premium,2,2024-08-30
39299,319,Squid Game,Romance,UK,Tablet,136,0.93,Basic,1,2024-05-07
22874,132,Stranger Things,Romance,UK,Tablet,177,0.23,Basic,2,2024-04-14
42711,385,Squid Game,Sci-Fi,Germany,Mobile,94,0.37,Premium,5,2024-01-10
15539,264,The Witcher,Action,Germany,Mobile,32,0.23,Standard,1,2024-12-21
63351,413,Narcos,Drama,Canada,Mobile,100,0.65,Premium,2,2024-05-27
71267,55,Stranger Things,Sci-Fi,Australia,TV,35,0.38,Premium,2,2024-12-30
58354,359,Stranger Things,Sci-Fi,Australia,TV,7,0.39,Premium,4,2024-12-29
12557,131,Money Heist,Crime,Canada,Mobile,140,0.16,Standard,5,2024-05-19
48360,288,Black Mirror,Comedy,UK,Mobile,28,0.41,Standard,4,2024-07-08
92018,266,Black Mirror,Crime,UK,TV,19,0.88,Standard,1,2024-04-03
12200,458,The Witcher,Comedy,United States,Laptop,175,0.31,Basic,4,2024-08-16
78497,467,Dark,Comedy,United States,Tablet,163,0.73,Standard,5,2024-03-03
56975,366,The Crown,Drama,Australia,Tablet,49,0.67,Basic,3,2024-12-05
31357,162,The Crown,Romance,Canada,Mobile,12,0.88,Basic,3,2024-01-25
87505,380,Ozark,Drama,Brazil,Laptop,75,0.22,Standard,1,2024-09-24
12869,481,The Witcher,Action,Brazil,TV,112,0.98,Standard,3,2024-10-07
71135,87,Stranger Things,Comedy,Canada,Mobile,119,0.62,Standard,4,2024-01-11
60108,55,The Witcher,Sci-Fi,United States,Laptop,107,1.0,Basic,1,2024-11-15
48467,476,The Witcher,Romance,Australia,Laptop,129,0.92,Premium,5,2024-07-19
33328,288,The Witcher,Thriller,Australia,Laptop,61,0.3,Standard,1,2024-05-05
96831,178,Black Mirror,Action,United States,TV,34,0.15,Standard,1,2024-11-01
13987,391,The Witcher,Drama,Brazil,TV,150,0.33,Standard,2,2024-07-08
68871,349,Narcos,Crime,India,Tablet,118,0.57,Basic,2,2024-03-29
32399,8,The Crown,Action,India,Tablet,121,0.25,Basic,1,2024-12-20
56214,321,Ozark,Action,United States,Laptop,171,0.25,Premium,3,2024-04-25
96416,313,Narcos,Romance,India,Laptop,64,0.52,Standard,2,2024-12-17
80271,247,Ozark,Action,Germany,TV,102,0.13,Basic,5,2024-06-25
54064,323,Money Heist,Action,Canada,Tablet,175,0.21,Premium,4,2024-01-14
80091,472,Ozark,Thriller,Canada,Laptop,130,0.47,Standard,2,2024-09-13
50818,471,The Crown,Crime,United States,Tablet,177,0.16,Basic,1,2024-07-27
55525,443,The Crown,Crime,UK,Tablet,155,0.46,Standard,3,2024-10-07
29830,255,The Witcher,Crime,Brazil,Laptop,98,0.53,Standard,4,2024-11-23
27429,328,Bridgerton,Comedy,United States,TV,138,0.51,Basic,2,2024-11-20
16893,54,Money Heist,Sci-Fi,India,Laptop,126,0.88,Basic,3,2024-04-14
89909,249,Stranger Things,Crime,Brazil,Laptop,112,0.58,Basic,3,2024-05-26
57333,239,Squid Game,Action,UK,Tablet,8,0.52,Standard,3,2024-10-05
13436,229,Ozark,Action,India,Laptop,97,0.47,Standard,1,2024-01-09
84290,67,Bridgerton,Crime,Australia,TV,155,0.84,Premium,5,2024-04-27
86213,51,The Witcher,Romance,Germany,Laptop,10,0.91,Standard,3,2024-04-03
15895,97,Black Mirror,Crime,India,TV,36,0.87,Basic,4,2024-05-23
29738,92,Stranger Things,Action,Germany,TV,110,0.71,Standard,2,2024-10-15
40746,495,Dark,Comedy,Brazil,Tablet,150,0.22,Premium,4,2024-01-14
59377,264,Bridgerton,Drama,Germany,Mobile,19,0.35,Premium,1,2024-09-13
58404,418,Black Mirror,Drama,Brazil,Mobile,172,0.14,Basic,1,2024-12-11
64045,291,Money Heist,Crime,Brazil,Tablet,126,0.94,Basic,4,2024-07-04
49790,96,The Witcher,Thriller,Brazil,Laptop,100,0.69,Premium,5,2024-12-10
15600,88,Stranger Things,Crime,Brazil,Tablet,10,0.77,Premium,1,2024-07-25
50764,78,Stranger Things,Romance,Brazil,TV,116,0.38,Premium,1,2024-12-11
84543,288,Stranger Things,Crime,India,Mobile,124,0.86,Basic,4,2024-06-20
55714,120,Money Heist,Drama,Brazil,Tablet,127,0.33,Premium,1,2024-09-26
66835,302,Ozark,Action,India,Laptop,71,0.1,Premium,5,2024-08-08
83744,491,Dark,Crime,Brazil,Tablet,110,0.44,Basic,5,2024-05-31
66491,400,Money Heist,Action,Germany,Mobile,143,0.61,Standard,5,2024-04-20
28589,452,Squid Game,Action,Australia,Tablet,47,0.53,Standard,2,2024-07-01
53484,165,Dark,Thriller,Brazil,Tablet,149,0.88,Premium,5,2024-12-04
92989,182,The Crown,Action,UK,Mobile,100,0.19,Standard,5,2024-03-12
46212,469,The Witcher,Drama,Brazil,TV,136,0.6,Standard,2,2024-10-09
53525,398,Money Heist,Comedy,Brazil,TV,85,0.56,Standard,3,2024-03-14
57202,223,Black Mirror,Comedy,Germany,Mobile,45,0.35,Standard,1,2024-12-20
42635,311,Dark,Sci-Fi,Canada,Tablet,137,0.84,Premium,5,2024-08-02
73208,432,Squid Game,Romance,Germany,Mobile,164,0.78,Standard,1,2024-11-23
43828,466,The Crown,Crime,UK,TV,39,0.76,Standard,4,2024-01-23
28711,7,Ozark,Romance,Canada,Laptop,26,0.89,Basic,1,2024-03-08
13420,330,Black Mirror,Drama,United States,Tablet,154,0.75,Premium,2,2024-12-27
10301,263,Dark,Action,United States,TV,116,0.31,Basic,1,2024-04-02
55236,161,The Witcher,Comedy,UK,Tablet,15,0.74,Basic,1,2024-11-16
76235,151,Black Mirror,Romance,Germany,Mobile,7,0.38,Premium,1,2024-11-19
64240,85,The Crown,Drama,India,Laptop,141,0.32,Standard,3,2024-03-03
75726,147,Black Mirror,Comedy,UK,Mobile,64,0.17,Basic,3,2024-08-11
20492,112,Narcos,Action,Australia,Laptop,80,0.77,Premium,4,2024-08-12
16102,381,Bridgerton,Romance,Canada,Tablet,91,0.74,Standard,2,2024-12-11
60336,403,Ozark,Comedy,Canada,Tablet,18,0.31,Premium,1,2024-12-02
95314,36,The Crown,Crime,Brazil,Mobile,22,0.77,Basic,1,2024-04-12
36641,285,Black Mirror,Crime,United States,Laptop,117,0.93,Standard,1,2024-08-02
44584,188,Bridgerton,Sci-Fi,Canada,Laptop,77,0.2,Standard,1,2024-07-10
42745,82,Bridgerton,Sci-Fi,UK,Tablet,27,0.31,Premium,3,2024-06-08
33093,2,Black Mirror,Comedy,Canada,Mobile,87,0.78,Standard,4,2024-07-25
76105,385,The Witcher,Drama,UK,Laptop,129,0.35,Basic,5,2024-09-25
61885,303,Narcos,Crime,India,Tablet,179,0.66,Basic,2,2024-07-12
46631,197,Money Heist,Drama,Brazil,TV,73,0.17,Basic,1,2024-05-31
82991,404,Narcos,Drama,United States,Mobile,51,0.51,Premium,4,2024-08-24
14014,11,Black Mirror,Comedy,Canada,TV,120,0.77,Standard,5,2024-03-28
21093,234,Ozark,Drama,UK,Mobile,34,0.72,Standard,4,2024-01-11
28070,386,Money Heist,Crime,Germany,Tablet,29,0.83,Standard,3,2024-07-05
45777,195,The Crown,Action,United States,Laptop,160,0.89,Basic,5,2024-08-01
66958,471,Narcos,Sci-Fi,India,Laptop,116,0.8,Standard,4,2024-01-15
92074,119,Black Mirror,Action,UK,Laptop,29,0.7,Basic,3,2024-09-22
20729,396,Narcos,Drama,Australia,Mobile,78,0.13,Standard,4,2024-10-23
55017,20,Money Heist,Action,Australia,Tablet,62,0.58,Basic,4,2024-03-13
76320,261,Squid Game,Crime,Brazil,TV,98,0.13,Standard,5,2024-02-21
37751,293,Dark,Crime,Brazil,Tablet,123,0.83,Premium,3,2024-05-07
88069,422,Narcos,Drama,India,TV,131,0.39,Premium,1,2024-01-28
64748,256,The Crown,Comedy,India,Mobile,173,0.61,Basic,2,2024-03-05
15801,222,The Crown,Action,Brazil,Mobile,29,0.35,Basic,5,2024-01-17
29190,393,Stranger Things,Comedy,Canada,TV,82,0.8,Standard,3,2024-12-16
59689,226,Narcos,Comedy,Canada,TV,103,0.9,Standard,4,2024-05-17
60993,53,Dark,Thriller,UK,TV,120,0.46,Premium,3,2024-11-14
39592,428,The Witcher,Drama,Germany,Tablet,52,0.88,Standard,2,2024-08-16
20647,355,Bridgerton,Sci-Fi,UK,TV,14,0.34,Basic,2,2024-09-10
18716,342,Dark,Crime,Germany,Mobile,103,0.58,Basic,1,2024-07-28
98891,364,Bridgerton,Crime,India,Mobile,15,0.87,Basic,1,2024-10-20
97545,280,Bridgerton,Drama,United States,Laptop,89,0.39,Basic,2,2024-08-18
99912,81,Squid Game,Romance,UK,TV,153,0.96,Basic,5,2024-08-28
80316,202,Stranger Things,Romance,UK,Tablet,177,0.21,Premium,5,2024-03-10
12368,158,Dark,Romance,Germany,Tablet,139,0.12,Premium,4,2024-04-13
87575,120,Dark,Sci-Fi,India,Tablet,130,0.91,Basic,1,2024-07-22
16655,59,Squid Game,Crime,India,Laptop,68,0.16,Standard,4,2024-02-22
80031,494,Narcos,Drama,Australia,Mobile,6,0.99,Basic,1,2024-11-25
86429,215,Narcos,Crime,Germany,Tablet,80,0.96,Premium,2,2024-02-23
97922,128,Narcos,Comedy,India,Mobile,125,0.22,Basic,5,2024-10-02
65766,224,Ozark,Action,Brazil,Laptop,46,0.58,Premium,5,2024-11-30
23403,209,Bridgerton,Action,Canada,TV,58,0.27,Premium,2,2024-01-31
42097,370,Ozark,Crime,Australia,TV,79,0.49,Basic,4,2024-05-14
88657,115,Stranger Things,Thriller,Brazil,TV,20,0.16,Basic,4,2024-02-27
20966,209,Squid Game,Sci-Fi,United States,Tablet,22,0.3,Standard,3,2024-04-14
62921,14,Dark,Romance,UK,TV,94,0.43,Premium,1,2024-09-22
59726,9,Bridgerton,Sci-Fi,Australia,Tablet,148,0.49,Standard,4,2024-01-10
60300,40,Ozark,Sci-Fi,United States,Laptop,10,0.98,Basic,2,2024-09-09
32677,450,Ozark,Comedy,UK,Laptop,112,0.83,Premium,4,2024-10-21
65609,237,Black Mirror,Sci-Fi,Canada,Tablet,179,0.76,Standard,5,2024-06-04
66661,281,Ozark,Action,India,Mobile,52,0.58,Standard,1,2024-06-06
41024,359,The Witcher,Comedy,Brazil,TV,46,0.86,Standard,3,2024-02-06
80313,201,Dark,Drama,Germany,TV,80,0.41,Basic,1,2024-04-28
63006,246,The Witcher,Sci-Fi,Brazil,TV,81,0.74,Basic,5,2024-03-07
25338,278,Dark,Sci-Fi,Canada,Tablet,136,0.99,Basic,5,2024-08-29
78027,235,Squid Game,Drama,United States,Laptop,134,0.38,Premium,5,2024-10-25
90135,494,Dark,Sci-Fi,Germany,TV,63,0.71,Basic,5,2024-07-31
29508,4,The Witcher,Drama,India,Laptop,159,0.86,Premium,2,2024-11-03
13051,154,Dark,Comedy,Canada,TV,31,0.92,Standard,3,2024-04-10
58747,442,Squid Game,Action,Germany,TV,83,0.75,Standard,5,2024-02-25
97142,29,Squid Game,Drama,Canada,Tablet,76,0.36,Basic,5,2024-11-27
97235,109,Stranger Things,Thriller,Canada,Mobile,11,0.39,Standard,4,2024-11-19
64021,98,Dark,Drama,India,Tablet,115,0.12,Basic,3,2024-08-26
76412,215,Black Mirror,Sci-Fi,Australia,TV,123,0.78,Premium,1,2024-08-18
68335,293,Narcos,Romance,UK,TV,178,0.14,Standard,3,2024-12-27
66179,75,The Crown,Romance,Germany,Mobile,67,0.88,Basic,3,2024-04-01
42093,326,Squid Game,Comedy,India,Laptop,128,0.21,Standard,3,2024-10-05
79678,146,Money Heist,Crime,Canada,Laptop,16,0.25,Standard,5,2024-04-18
90738,128,Narcos,Comedy,India,TV,145,0.53,Basic,5,2024-11-12
49734,341,Bridgerton,Crime,Australia,Laptop,47,0.76,Standard,2,2024-06-16
82615,42,Dark,Romance,UK,TV,21,0.23,Standard,1,2024-10-26
83523,356,The Witcher,Romance,Brazil,Mobile,67,0.5,Standard,4,2024-08-05
27019,41,The Crown,Drama,Germany,Mobile,124,0.53,Standard,3,2024-08-09
93613,422,Money Heist,Action,UK,TV,40,0.29,Premium,1,2024-06-09
96672,34,Narcos,Thriller,United States,Mobile,12,0.2,Standard,1,2024-01-16
83847,17,Dark,Comedy,Germany,Tablet,73,0.85,Standard,2,2024-10-04
92750,165,Stranger Things,Sci-Fi,UK,Tablet,94,0.55,Basic,4,2024-02-26
89634,153,Bridgerton,Crime,Canada,Mobile,40,0.11,Premium,3,2024-03-02
38251,486,The Crown,Sci-Fi,Germany,TV,32,0.82,Basic,4,2024-12-28
35945,378,Black Mirror,Action,Germany,TV,122,0.98,Basic,2,2024-11-22
42217,76,Stranger Things,Crime,India,Mobile,97,0.65,Basic,5,2024-08-29
18308,87,Money Heist,Comedy,Canada,Laptop,179,0.55,Premium,1,2024-03-30
15949,117,The Crown,Drama,United States,Tablet,80,0.89,Basic,3,2024-03-12
61990,362,Stranger Things,Sci-Fi,Brazil,Laptop,105,0.96,Basic,5,2024-11-21
11150,342,Bridgerton,Action,Australia,TV,162,0.78,Basic,2,2024-01-30
99480,469,Black Mirror,Comedy,UK,TV,155,0.5,Standard,4,2024-12-24
84740,27,Stranger Things,Romance,India,Laptop,148,0.63,Basic,1,2024-10-14
76617,313,Ozark,Romance,UK,Mobile,18,0.73,Premium,3,2024-03-26
26896,287,Black Mirror,Comedy,United States,Laptop,75,0.27,Premium,5,2024-08-21
56175,134,Money Heist,Comedy,United States,Laptop,128,0.5,Standard,5,2024-08-22
17805,219,Bridgerton,Comedy,Germany,Tablet,129,0.85,Premium,1,2024-11-08
15237,168,Dark,Crime,Australia,Tablet,41,0.69,Premium,4,2024-12-30
30056,98,The Witcher,Comedy,United States,Laptop,33,0.47,Standard,2,2024-09-21
55543,268,The Witcher,Sci-Fi,UK,Laptop,147,0.7,Basic,4,2024-10-13
66556,237,The Witcher,Action,Canada,TV,179,0.21,Standard,4,2024-11-22
13343,309,The Crown,Crime,Canada,Tablet,178,0.46,Basic,4,2024-09-25
23500,455,Money Heist,Comedy,Germany,Tablet,23,0.81,Basic,1,2024-07-04
63222,394,Bridgerton,Thriller,Brazil,TV,110,0.3,Premium,1,2024-05-10
39375,173,Black Mirror,Thriller,UK,Mobile,25,0.27,Standard,2,2024-10-17
19662,401,The Crown,Action,UK,Tablet,68,0.96,Premium,4,2024-10-03
26964,410,Money Heist,Romance,United States,Tablet,169,0.29,Premium,1,2024-11-15
69638,469,Dark,Drama,Australia,Mobile,31,0.33,Basic,2,2024-12-16
83666,476,Ozark,Drama,UK,Tablet,59,0.97,Premium,2,2024-06-28
95067,190,Bridgerton,Romance,India,Tablet,33,0.76,Standard,4,2024-10-16
77215,122,The Witcher,Crime,Brazil,Mobile,152,0.73,Premium,3,2024-06-11
79042,46,Stranger Things,Crime,United States,Mobile,29,0.87,Premium,4,2024-09-27
23284,64,Bridgerton,Crime,India,Laptop,74,0.2,Basic,3,2024-04-05
82789,130,Squid Game,Drama,Germany,TV,67,0.74,Standard,2,2024-09-18
94664,310,Money Heist,Thriller,Canada,TV,168,0.55,Premium,1,2024-12-30
71389,363,Narcos,Drama,Germany,Mobile,134,0.85,Basic,5,2024-12-18
19435,193,Dark,Sci-Fi,Canada,Mobile,154,0.56,Premium,2,2024-10-14
64340,307,Ozark,Comedy,Germany,Tablet,20,0.66,Standard,1,2024-03-23
54078,181,Dark,Crime,UK,Laptop,150,0.53,Premium,2,2024-08-12
88832,292,Bridgerton,Thriller,India,Laptop,104,0.53,Premium,4,2024-08-10
61293,371,Narcos,Action,Canada,Mobile,34,0.79,Basic,3,2024-04-27
88781,282,Squid Game,Action,United States,Tablet,49,0.67,Premium,2,2024-07-10
70403,29,Black Mirror,Comedy,India,Tablet,23,0.67,Basic,1,2024-03-19
39124,149,Stranger Things,Thriller,United States,TV,38,0.51,Standard,4,2024-03-18
53919,267,Narcos,Drama,India,TV,145,0.58,Premium,5,2024-05-26
45247,296,Money Heist,Drama,India,Tablet,175,0.77,Standard,4,2024-04-16
72752,11,The Witcher,Sci-Fi,Germany,TV,66,0.84,Standard,3,2024-09-27
66573,164,Squid Game,Sci-Fi,Canada,Mobile,122,0.73,Premium,4,2024-08-31
69101,113,Stranger Things,Drama,Canada,Tablet,104,0.93,Basic,5,2024-03-13
36646,187,Ozark,Action,Australia,TV,26,0.84,Standard,1,2024-12-22
33049,295,The Witcher,Crime,India,Laptop,115,0.61,Standard,2,2024-12-19
89605,232,Bridgerton,Action,UK,Tablet,168,0.7,Premium,3,2024-01-26
78385,227,Narcos,Sci-Fi,UK,Tablet,77,0.93,Premium,5,2024-07-28
50158,310,Stranger Things,Comedy,United States,Laptop,151,0.66,Premium,3,2024-04-01
75417,98,The Crown,Drama,United States,Mobile,42,0.84,Premium,4,2024-05-04
33289,55,Black Mirror,Sci-Fi,Germany,Laptop,74,0.72,Premium,3,2024-03-13
19823,111,Black Mirror,Sci-Fi,India,Tablet,120,0.6,Premium,5,2024-05-02
70160,152,Squid Game,Crime,United States,Mobile,83,0.32,Basic,2,2024-11-04
51975,246,Ozark,Drama,United States,TV,152,0.48,Standard,2,2024-07-02
19540,406,Squid Game,Crime,Brazil,TV,13,0.97,Basic,3,2024-07-05
26364,69,The Crown,Drama,India,TV,36,0.69,Basic,1,2024-07-16
14611,312,Money Heist,Crime,Germany,Tablet,136,0.61,Premium,3,2024-03-18
37663,289,Ozark,Action,United States,Laptop,54,0.94,Standard,4,2024-12-13
61991,250,Dark,Comedy,Germany,Mobile,86,0.63,Basic,2,2024-07-04
67679,36,Money Heist,Comedy,Canada,TV,9,0.57,Premium,2,2024-12-09
40977,239,Ozark,Drama,Germany,Mobile,152,0.78,Premium,2,2024-09-09
59115,148,Ozark,Thriller,UK,Tablet,91,0.74,Standard,1,2024-01-13
98223,467,The Crown,Romance,UK,TV,130,0.27,Basic,1,2024-10-25
70890,227,Bridgerton,Sci-Fi,Germany,Tablet,79,0.52,Basic,5,2024-03-16
76387,244,The Crown,Sci-Fi,UK,Laptop,169,0.53,Basic,3,2024-02-20
28071,491,Ozark,Drama,Canada,Tablet,26,0.44,Premium,3,2024-10-01
69275,337,Stranger Things,Crime,India,Tablet,72,0.57,Standard,4,2024-05-28
82369,446,Money Heist,Thriller,UK,Laptop,48,0.47,Standard,2,2024-08-06
21938,365,The Crown,Action,UK,Mobile,38,0.28,Basic,1,2024-05-01
45195,491,Bridgerton,Crime,Germany,Laptop,81,0.47,Premium,4,2024-07-29
14000,482,Narcos,Crime,Canada,Laptop,46,0.17,Basic,4,2024-10-06
80588,201,Squid Game,Drama,Australia,Tablet,141,0.62,Standard,1,2024-01-26
48304,154,Ozark,Drama,Australia,Mobile,110,0.87,Premium,3,2024-06-21
79449,450,Dark,Sci-Fi,Australia,TV,99,0.75,Basic,2,2024-06-04
92986,73,Narcos,Drama,Australia,Laptop,139,0.42,Basic,3,2024-08-25
99643,201,Black Mirror,Drama,India,Mobile,72,0.18,Premium,4,2024-03-22
30764,296,The Witcher,Drama,Germany,Laptop,151,0.28,Standard,2,2024-12-21
96027,17,Bridgerton,Sci-Fi,Germany,Laptop,163,0.59,Premium,5,2024-09-29
48494,129,Dark,Action,Brazil,Laptop,132,0.29,Basic,4,2024-03-08
13373,217,The Witcher,Action,Canada,Laptop,167,0.59,Basic,3,2024-02-13
22161,61,Bridgerton,Romance,Australia,Tablet,89,0.31,Basic,3,2024-03-01
37350,427,Stranger Things,Romance,India,Mobile,163,0.86,Basic,3,2024-05-02
35351,104,Squid Game,Drama,Canada,Mobile,87,0.46,Standard,1,2024-12-14
98668,42,Narcos,Romance,Australia,Mobile,99,0.32,Standard,4,2024-07-14
25305,25,Money Heist,Sci-Fi,India,Laptop,36,0.83,Basic,2,2024-11-25
85353,39,Bridgerton,Action,Canada,Tablet,70,0.41,Standard,3,2024-11-18
86797,291,Money Heist,Crime,Germany,Laptop,120,0.2,Standard,3,2024-04-20
75953,131,Squid Game,Action,Germany,Laptop,142,0.61,Standard,1,2024-09-14
67458,498,Ozark,Action,United States,Mobile,134,0.62,Basic,2,2024-03-29
30358,229,Black Mirror,Sci-Fi,UK,Laptop,64,0.74,Premium,4,2024-07-16
13267,108,Narcos,Romance,Australia,TV,21,0.32,Premium,5,2024-10-08
92745,172,Squid Game,Crime,Brazil,Laptop,100,0.5,Premium,1,2024-07-18
99588,435,Squid Game,Sci-Fi,Canada,TV,148,0.35,Basic,4,2024-04-08
48513,478,Stranger Things,Drama,Brazil,Laptop,20,0.17,Standard,5,2024-01-27
36092,102,The Witcher,Comedy,United States,Tablet,50,0.89,Standard,3,2024-03-29
21338,354,Black Mirror,Action,UK,Tablet,171,0.76,Basic,3,2024-05-25
10412,12,Narcos,Comedy,Canada,Mobile,163,0.37,Basic,2,2024-06-30
17543,275,Ozark,Sci-Fi,India,Laptop,111,0.64,Premium,5,2024-09-13
43496,101,Ozark,Sci-Fi,Australia,TV,92,0.28,Premium,3,2024-07-07
70692,44,The Crown,Sci-Fi,UK,TV,133,0.9,Basic,3,2024-08-27
99084,443,Squid Game,Comedy,Germany,Laptop,143,0.2,Premium,2,2024-12-24
54425,305,Bridgerton,Sci-Fi,United States,TV,123,0.1,Standard,4,2024-07-14
48756,445,Stranger Things,Drama,UK,Tablet,89,0.55,Basic,3,2024-10-23
28888,17,Black Mirror,Sci-Fi,Australia,TV,8,0.62,Basic,1,2024-06-13
45735,330,Ozark,Thriller,UK,Mobile,75,0.62,Standard,1,2024-11-02
57295,57,Narcos,Romance,Australia,Tablet,158,0.15,Standard,4,2024-09-27
93042,311,The Crown,Comedy,Germany,Tablet,115,0.38,Standard,5,2024-01-08
95999,497,Narcos,Thriller,Canada,Tablet,54,0.55,Premium,2,2024-02-07
27955,303,Stranger Things,Sci-Fi,India,Laptop,144,0.29,Basic,1,2024-04-23
47841,12,Bridgerton,Drama,Germany,Laptop,99,0.89,Premium,1,2024-12-04
80640,318,The Crown,Action,India,Tablet,96,0.18,Standard,4,2024-02-25
75510,80,The Crown,Crime,Canada,Laptop,69,0.54,Premium,5,2024-12-24
44911,216,The Witcher,Romance,UK,TV,51,0.72,Standard,5,2024-05-17
69031,339,Black Mirror,Crime,India,Laptop,110,0.34,Premium,4,2024-04-11
98726,264,The Crown,Sci-Fi,United States,Laptop,134,0.66,Premium,1,2024-11-29
17357,479,The Witcher,Romance,United States,Tablet,110,0.85,Standard,2,2024-06-25
42479,149,The Witcher,Romance,Australia,Mobile,28,0.27,Premium,1,2024-06-17
71476,81,Stranger Things,Drama,Germany,Mobile,8,0.93,Basic,5,2024-12-04
54811,215,Money Heist,Romance,Canada,Mobile,112,0.6,Premium,1,2024-10-12
46208,485,Narcos,Comedy,Australia,TV,23,0.37,Premium,2,2024-09-17
30150,374,Bridgerton,Thriller,Germany,Laptop,158,0.49,Basic,3,2024-08-10
81180,464,Dark,Thriller,Germany,Mobile,44,0.38,Standard,1,2024-07-17
53286,198,Narcos,Thriller,Australia,Tablet,54,0.75,Basic,4,2024-07-29
78450,200,The Crown,Comedy,Brazil,Mobile,175,0.82,Premium,3,2024-10-13
31352,25,Bridgerton,Crime,Germany,Mobile,79,0.85,Standard,4,2024-06-28
65069,466,Ozark,Drama,Brazil,Laptop,16,0.99,Premium,4,2024-09-06
24397,89,Money Heist,Romance,United States,Laptop,31,0.81,Premium,4,2024-08-18
51555,268,Ozark,Comedy,United States,Laptop,117,0.64,Basic,1,2024-01-23
56959,143,Ozark,Thriller,Germany,TV,53,0.41,Basic,5,2024-02-17
10728,59,Black Mirror,Sci-Fi,United States,TV,148,0.59,Standard,3,2024-04-18
60517,410,Narcos,Action,Canada,Mobile,134,0.14,Standard,2,2024-10-22
76234,489,Dark,Romance,Brazil,Laptop,64,0.77,Standard,5,2024-01-06
49954,365,Stranger Things,Comedy,Brazil,Mobile,34,0.5,Premium,1,2024-02-07
57280,26,Dark,Comedy,Germany,Tablet,88,0.12,Basic,4,2024-06-17
89459,47,Ozark,Drama,United States,Tablet,170,0.16,Basic,2,2024-12-21
26779,288,The Crown,Drama,India,Laptop,32,0.45,Basic,3,2024-10-09
73932,266,Money Heist,Comedy,Australia,Laptop,29,0.63,Standard,5,2024-07-21
82936,16,Squid Game,Thriller,Australia,Tablet,100,0.52,Basic,5,2024-11-20
34466,199,Dark,Action,Brazil,Laptop,129,0.66,Basic,2,2024-11-08
46939,401,Ozark,Romance,Germany,TV,14,0.53,Basic,1,2024-09-29
79896,407,Money Heist,Drama,Germany,TV,46,0.7,Standard,3,2024-08-31
45270,282,Bridgerton,Romance,Canada,Laptop,44,0.3,Basic,2,2024-11-22
69163,469,Narcos,Thriller,UK,Tablet,81,0.2,Standard,4,2024-02-16
92637,86,The Witcher,Romance,UK,Mobile,109,0.64,Basic,3,2024-09-05
61934,250,Black Mirror,Sci-Fi,Brazil,Laptop,122,0.54,Basic,5,2024-03-19
74895,391,Money Heist,Drama,Australia,Laptop,46,0.12,Basic,2,2024-04-19
42307,270,The Crown,Thriller,Canada,Mobile,51,0.44,Standard,5,2024-01-13
64098,335,The Crown,Thriller,Canada,Laptop,169,0.2,Standard,5,2024-12-30
70921,117,Money Heist,Action,Canada,Mobile,26,0.58,Basic,5,2024-03-30
15486,7,The Crown,Action,Brazil,Tablet,111,0.46,Premium,1,2024-12-07
18335,137,Narcos,Sci-Fi,UK,TV,31,0.65,Standard,5,2024-12-13
96900,371,The Crown,Thriller,Australia,Tablet,45,0.83,Standard,4,2024-10-06
99112,176,Dark,Crime,Canada,TV,84,0.37,Basic,4,2024-08-08
21130,328,The Witcher,Thriller,Australia,Mobile,166,0.97,Premium,3,2024-03-13
97508,498,The Crown,Action,United States,TV,164,0.58,Basic,5,2024-08-21
70566,315,The Witcher,Crime,Germany,Tablet,93,0.66,Standard,5,2024-09-16
76703,215,Ozark,Drama,Germany,TV,70,0.71,Standard,2,2024-04-22
37192,477,Stranger Things,Drama,Australia,Mobile,16,0.7,Basic,1,2024-02-15
11062,82,Narcos,Romance,India,TV,172,0.56,Basic,3,2024-09-30
94076,223,Stranger Things,Comedy,India,Laptop,77,0.49,Premium,5,2024-02-12
99780,478,Ozark,Action,Brazil,Tablet,80,0.15,Premium,2,2024-07-26
31545,372,Narcos,Comedy,Brazil,Laptop,94,0.12,Standard,1,2024-12-14
31689,423,Money Heist,Crime,Germany,Mobile,14,0.42,Premium,3,2024-04-12
21174,483,Money Heist,Action,United States,TV,100,0.4,Premium,3,2024-05-03
98461,402,The Witcher,Sci-Fi,UK,Laptop,24,0.45,Standard,5,2024-01-10
19348,443,Ozark,Thriller,UK,Laptop,43,0.22,Standard,3,2024-11-24
33714,490,The Witcher,Sci-Fi,Brazil,TV,64,0.76,Standard,2,2024-07-05
48102,103,Black Mirror,Crime,United States,TV,70,0.87,Standard,3,2024-01-31
84460,273,The Crown,Action,Brazil,Tablet,69,0.94,Basic,4,2024-06-04
99930,14,Squid Game,Crime,UK,Laptop,128,0.54,Standard,2,2024-02-29
16801,159,Black Mirror,Thriller,Australia,Laptop,168,0.73,Standard,1,2024-09-05
82267,152,The Crown,Drama,Brazil,Mobile,156,0.87,Standard,1,2024-09-26
58136,483,Narcos,Drama,Canada,Tablet,159,0.48,Premium,5,2024-08-04
33625,108,The Witcher,Crime,Australia,Mobile,134,0.38,Standard,5,2024-01-02
92873,188,Narcos,Comedy,Brazil,Laptop,163,0.94,Basic,4,2024-01-24
82592,301,Narcos,Action,Germany,Mobile,61,0.56,Basic,1,2024-07-24
87052,98,The Crown,Action,Brazil,Laptop,82,0.55,Standard,1,2024-11-15
54261,131,Ozark,Drama,Germany,Laptop,33,0.26,Basic,1,2024-07-17
11542,293,The Crown,Romance,United States,Mobile,19,0.2,Premium,1,2024-12-21
31677,171,Bridgerton,Sci-Fi,UK,Mobile,16,0.86,Standard,3,2024-04-23
56732,424,Money Heist,Romance,Australia,TV,105,0.65,Basic,2,2024-10-06
60343,474,Money Heist,Thriller,Australia,TV,160,0.39,Basic,2,2024-06-03
49081,183,Black Mirror,Sci-Fi,India,TV,88,0.27,Standard,4,2024-06-13
72856,471,Money Heist,Sci-Fi,India,Laptop,129,0.6,Basic,3,2024-08-09
98858,364,The Crown,Crime,UK,Mobile,107,0.63,Standard,1,2024-03-31
29065,39,Dark,Drama,India,Tablet,28,0.29,Basic,1,2024-06-15
93460,15,The Witcher,Romance,Australia,Laptop,153,0.87,Premium,5,2024-07-25
98092,376,The Crown,Romance,Brazil,Tablet,142,0.18,Basic,5,2024-10-08
64693,497,The Crown,Drama,United States,Mobile,114,0.42,Basic,4,2024-03-05
36962,4,Squid Game,Romance,United States,Laptop,82,0.71,Standard,1,2024-01-04
38295,349,The Witcher,Drama,UK,Tablet,105,0.35,Basic,4,2024-06-05
23807,470,Bridgerton,Crime,India,Tablet,150,0.84,Standard,3,2024-09-05
52348,409,Money Heist,Comedy,Brazil,TV,146,0.77,Premium,2,2024-09-13
36432,397,The Witcher,Sci-Fi,United States,TV,166,0.81,Standard,1,2024-08-22
93285,210,Money Heist,Crime,United States,TV,132,0.21,Standard,3,2024-11-01
67854,161,Black Mirror,Action,Canada,Laptop,62,0.23,Basic,1,2024-03-14
50262,16,The Witcher,Thriller,Canada,Mobile,80,0.36,Premium,5,2024-07-05
47080,493,Money Heist,Comedy,Australia,Mobile,154,0.57,Standard,4,2024-03-02
11324,426,Bridgerton,Action,United States,TV,40,0.77,Basic,5,2024-12-02
45909,108,Stranger Things,Sci-Fi,UK,TV,177,0.85,Basic,2,2024-06-12
99339,382,Narcos,Romance,Germany,TV,168,0.73,Standard,5,2024-02-25
29870,450,Narcos,Drama,Germany,Tablet,26,0.94,Basic,1,2024-04-20
44578,311,Bridgerton,Sci-Fi,Brazil,TV,131,0.76,Standard,5,2024-08-05
82124,227,Squid Game,Crime,United States,Tablet,84,0.38,Standard,1,2024-08-27
36790,170,Stranger Things,Thriller,United States,Mobile,104,0.34,Standard,2,2024-01-21
35289,34,Black Mirror,Crime,Australia,Laptop,100,0.73,Premium,5,2024-05-20
65129,414,Bridgerton,Comedy,United States,Laptop,165,0.27,Standard,4,2024-09-21
25485,251,Narcos,Comedy,UK,Laptop,177,0.18,Basic,4,2024-05-18
54482,247,Narcos,Thriller,Canada,Laptop,168,0.58,Premium,4,2024-03-10
96188,269,Narcos,Action,United States,Tablet,152,0.84,Basic,5,2024-04-27
14748,141,Ozark,Action,United States,Tablet,22,0.19,Premium,5,2024-07-16
96769,274,Bridgerton,Comedy,Australia,TV,42,0.81,Premium,5,2024-07-23
19435,416,The Crown,Comedy,India,Tablet,155,0.83,Premium,1,2024-08-01
13709,96,Black Mirror,Romance,Australia,TV,113,0.53,Premium,2,2024-02-25
40355,227,Narcos,Drama,Australia,TV,127,0.15,Basic,4,2024-10-13
65771,379,Money Heist,Romance,UK,Laptop,148,0.26,Standard,1,2024-10-19
67799,39,Bridgerton,Romance,Brazil,Tablet,153,0.74,Basic,4,2024-06-23
23116,302,Ozark,Action,United States,Tablet,108,0.74,Standard,1,2024-12-12
35470,29,Bridgerton,Thriller,Australia,TV,144,0.91,Basic,5,2024-05-07
52344,446,Black Mirror,Action,Australia,TV,148,0.62,Premium,4,2024-11-20
52918,497,Ozark,Drama,India,Mobile,85,0.21,Premium,5,2024-10-18
62224,477,Black Mirror,Crime,Australia,Mobile,91,0.21,Standard,4,2024-10-14
49298,318,Bridgerton,Comedy,Germany,TV,146,0.75,Standard,3,2024-08-13
90219,245,The Crown,Comedy,Brazil,Mobile,65,0.27,Basic,1,2024-03-04
71629,236,Black Mirror,Drama,United States,Mobile,50,0.4,Standard,3,2024-02-17
76040,185,Ozark,Romance,United States,TV,36,0.54,Basic,1,2024-07-20
38016,272,Ozark,Thriller,India,TV,19,0.12,Standard,2,2024-12-02
33960,440,Black Mirror,Comedy,UK,Tablet,48,0.32,Standard,4,2024-02-29
43591,236,Dark,Sci-Fi,United States,TV,149,0.47,Standard,2,2024-09-13
92848,239,Bridgerton,Romance,Germany,TV,173,0.35,Premium,2,2024-03-05
77641,377,Dark,Comedy,United States,Laptop,58,0.22,Premium,1,2024-08-26
46395,266,Squid Game,Sci-Fi,Germany,Tablet,48,0.76,Basic,3,2024-10-15
32700,414,Bridgerton,Drama,Brazil,Tablet,102,0.83,Standard,5,2024-02-07
44620,409,Black Mirror,Drama,Brazil,Tablet,9,0.33,Basic,1,2024-01-25
30559,359,Stranger Things,Romance,Canada,Laptop,113,0.8,Standard,5,2024-02-28
71642,340,Black Mirror,Comedy,Canada,TV,31,0.45,Premium,2,2024-12-22
86539,389,Dark,Action,Germany,Tablet,120,0.56,Premium,5,2024-10-23
31732,65,The Crown,Sci-Fi,UK,Tablet,91,0.87,Standard,3,2024-06-06
40354,478,Black Mirror,Thriller,United States,Mobile,108,0.77,Standard,1,2024-02-26
23843,177,Black Mirror,Comedy,Australia,Tablet,127,0.82,Premium,3,2024-02-17
81726,3,The Crown,Thriller,United States,TV,83,0.22,Premium,3,2024-11-23
27640,429,Black Mirror,Comedy,Canada,TV,47,0.16,Basic,1,2024-02-25
62528,142,Narcos,Action,Australia,Mobile,101,0.9,Premium,3,2024-03-05
48413,376,Stranger Things,Action,Germany,Tablet,35,0.45,Standard,4,2024-09-24
62638,158,Money Heist,Romance,Australia,Tablet,103,0.36,Basic,4,2024-03-09
62736,498,Stranger Things,Romance,United States,Tablet,21,0.75,Standard,4,2024-08-03
78866,324,Black Mirror,Action,United States,Laptop,87,0.85,Basic,5,2024-03-29
29087,146,Narcos,Crime,UK,Tablet,114,0.88,Standard,3,2024-10-07
51430,446,Bridgerton,Action,India,TV,36,0.38,Premium,1,2024-09-13
34504,293,Black Mirror,Drama,Australia,TV,172,0.87,Standard,1,2024-06-08
17114,153,Dark,Drama,Canada,Laptop,145,0.14,Basic,5,2024-08-21
88859,432,Narcos,Crime,Canada,Laptop,39,0.14,Standard,1,2024-05-10
20975,193,The Crown,Sci-Fi,India,Tablet,137,0.66,Basic,4,2024-02-18
21023,437,Narcos,Thriller,United States,Mobile,33,0.16,Standard,3,2024-05-26
31447,494,The Crown,Comedy,UK,Laptop,74,0.39,Premium,1,2024-11-11
33959,463,Squid Game,Comedy,UK,Laptop,157,0.71,Premium,1,2024-01-02
76203,73,Money Heist,Crime,Canada,Tablet,99,0.4,Standard,2,2024-11-24
39703,399,The Witcher,Drama,UK,Tablet,26,0.26,Standard,2,2024-05-24
19337,305,Narcos,Romance,Brazil,Laptop,177,0.35,Standard,2,2024-03-01
56427,377,Ozark,Comedy,India,Mobile,73,0.51,Basic,3,2024-09-29
71529,344,Dark,Drama,United States,Laptop,93,0.53,Standard,4,2024-02-18
94665,452,Black Mirror,Sci-Fi,Brazil,Tablet,76,0.8,Standard,4,2024-11-27
41921,140,Dark,Thriller,India,Tablet,133,0.78,Basic,4,2024-05-10
43307,187,Stranger Things,Sci-Fi,Germany,Laptop,176,0.51,Premium,3,2024-02-12
37355,293,The Witcher,Crime,Australia,Mobile,91,0.86,Standard,3,2024-02-26
14835,61,Stranger Things,Action,Canada,Laptop,100,0.2,Standard,2,2024-02-19
30159,485,Squid Game,Action,UK,Laptop,79,0.33,Premium,1,2024-06-26
57605,427,The Witcher,Action,Germany,Tablet,171,0.85,Premium,5,2024-10-19
48088,380,The Witcher,Sci-Fi,UK,Mobile,58,0.44,Basic,5,2024-02-15
88752,198,Stranger Things,Comedy,Brazil,TV,92,0.98,Standard,1,2024-06-18
65284,295,The Crown,Thriller,United States,Mobile,161,0.52,Standard,2,2024-09-27
67043,440,Stranger Things,Action,United States,Laptop,58,0.81,Basic,1,2024-12-01
45547,319,Dark,Crime,United States,Laptop,20,0.46,Premium,1,2024-05-18
92844,302,The Crown,Crime,UK,Laptop,103,0.48,Basic,5,2024-09-03
37532,344,Dark,Action,Germany,Mobile,24,0.44,Premium,2,2024-05-27
44349,11,Squid Game,Action,United States,Tablet,50,0.75,Basic,3,2024-08-17
55445,62,Black Mirror,Thriller,Germany,Laptop,131,0.59,Premium,5,2024-10-06
15713,333,Bridgerton,Action,UK,Laptop,62,0.95,Basic,3,2024-05-04
66178,226,The Crown,Thriller,Brazil,Mobile,115,0.33,Premium,2,2024-07-10
59407,153,Squid Game,Crime,Germany,TV,133,0.19,Premium,1,2024-03-20
80340,199,Ozark,Action,Brazil,TV,85,0.45,Premium,4,2024-04-03
60990,52,Squid Game,Sci-Fi,UK,Tablet,161,0.66,Premium,4,2024-08-13
85672,260,Stranger Things,Romance,UK,Tablet,88,0.87,Premium,2,2024-03-05
75545,59,Stranger Things,Sci-Fi,Canada,Laptop,74,0.41,Standard,4,2024-03-28
94791,72,Bridgerton,Crime,UK,Mobile,12,0.69,Premium,3,2024-03-28
68141,148,Squid Game,Thriller,UK,Laptop,33,0.42,Standard,4,2024-07-19
33793,349,Money Heist,Sci-Fi,India,Tablet,116,0.66,Premium,2,2024-08-01
66570,63,Black Mirror,Thriller,United States,Mobile,165,0.9,Standard,2,2024-07-22
47892,310,Stranger Things,Sci-Fi,Canada,Mobile,135,0.31,Standard,3,2024-03-29
11015,373,Bridgerton,Sci-Fi,Australia,Tablet,167,0.46,Basic,4,2024-03-01
71813,243,Black Mirror,Thriller,Canada,TV,112,0.99,Premium,4,2024-09-27
37712,493,Squid Game,Comedy,Canada,TV,113,0.88,Basic,1,2024-04-03
18415,366,Squid Game,Sci-Fi,Australia,Mobile,24,0.61,Basic,5,2024-11-02
72292,330,The Witcher,Action,India,Laptop,77,0.56,Premium,2,2024-01-27
33833,107,Bridgerton,Romance,Brazil,TV,171,0.36,Basic,1,2024-08-01
14158,226,Stranger Things,Crime,UK,Laptop,8,0.57,Premium,2,2024-03-14
72680,313,Money Heist,Comedy,United States,TV,23,0.86,Basic,1,2024-03-01
30309,218,Squid Game,Thriller,Germany,TV,106,0.72,Premium,5,2024-07-04
16970,425,Money Heist,Comedy,Australia,Laptop,177,0.36,Premium,1,2024-01-31
82474,241,Squid Game,Drama,Brazil,Tablet,175,0.28,Premium,2,2024-08-06
96704,259,Stranger Things,Drama,Australia,TV,145,0.34,Standard,4,2024-01-12
56540,376,Black Mirror,Sci-Fi,UK,TV,145,0.25,Basic,2,2024-10-28
30384,262,Narcos,Sci-Fi,India,Laptop,90,0.19,Standard,3,2024-02-01
28017,5,Black Mirror,Action,Australia,Tablet,56,0.48,Basic,3,2024-06-08
85880,261,Squid Game,Romance,UK,TV,115,0.2,Basic,3,2024-08-24
18702,54,Dark,Crime,UK,TV,113,0.25,Basic,3,2024-08-14
10384,47,Narcos,Comedy,India,Tablet,90,0.59,Standard,5,2024-06-29
10404,215,Narcos,Drama,Canada,TV,47,0.25,Basic,4,2024-11-12
50943,177,Money Heist,Sci-Fi,Canada,Tablet,46,0.16,Standard,4,2024-02-15
57926,9,Bridgerton,Crime,United States,Tablet,94,0.39,Premium,2,2024-12-06
39189,99,Money Heist,Comedy,United States,Laptop,119,0.3,Basic,1,2024-03-20
22763,20,Money Heist,Sci-Fi,Canada,Mobile,30,0.56,Basic,2,2024-05-14
28384,378,Dark,Sci-Fi,Brazil,Tablet,155,0.19,Premium,2,2024-09-16
70100,241,Black Mirror,Drama,Germany,Laptop,47,0.78,Premium,2,2024-11-03
19860,61,Black Mirror,Drama,UK,Mobile,81,0.92,Basic,2,2024-09-03
90642,379,Ozark,Sci-Fi,Germany,TV,160,0.77,Premium,4,2024-06-07
60612,490,Squid Game,Thriller,UK,Mobile,141,0.58,Standard,1,2024-07-21
33574,419,Dark,Sci-Fi,Canada,Tablet,24,0.87,Standard,2,2024-04-21
33524,178,Ozark,Crime,United States,Tablet,43,0.73,Basic,4,2024-10-18
79172,338,Stranger Things,Sci-Fi,Brazil,Tablet,16,0.11,Standard,2,2024-11-05
20916,62,Squid Game,Action,United States,Tablet,15,0.45,Standard,3,2024-04-28
14809,145,Squid Game,Romance,Germany,Tablet,158,0.87,Basic,2,2024-01-17
42201,216,The Witcher,Action,United States,Laptop,46,0.41,Premium,2,2024-11-26
63330,3,The Witcher,Action,Canada,Tablet,159,0.13,Basic,5,2024-08-14
23456,160,The Crown,Thriller,Brazil,Laptop,15,0.77,Standard,3,2024-12-26
66397,227,The Crown,Thriller,Germany,TV,42,0.82,Basic,1,2024-04-26
48765,486,Money Heist,Sci-Fi,Brazil,Tablet,102,0.24,Basic,2,2024-02-12
44816,269,Stranger Things,Action,UK,Tablet,175,0.58,Standard,1,2024-04-24
55106,120,Narcos,Thriller,United States,Mobile,23,0.27,Standard,3,2024-10-09
63932,381,Narcos,Drama,Brazil,TV,138,0.75,Basic,2,2024-02-06
27100,495,The Witcher,Sci-Fi,India,Tablet,178,0.34,Standard,5,2024-10-28
67091,89,The Witcher,Crime,United States,Tablet,120,0.38,Standard,4,2024-04-22
31949,329,The Witcher,Romance,UK,TV,117,0.86,Standard,5,2024-02-04
80080,68,Dark,Comedy,Brazil,Laptop,174,0.53,Standard,5,2024-05-11
47744,398,Bridgerton,Sci-Fi,Germany,Tablet,69,0.7,Standard,4,2024-12-01
55543,357,The Crown,Comedy,UK,Mobile,103,0.46,Standard,4,2024-12-01
46187,98,Dark,Action,India,Tablet,76,0.37,Premium,4,2024-08-15
17239,267,Black Mirror,Romance,Brazil,Mobile,56,0.66,Basic,2,2024-05-26
24489,105,Narcos,Comedy,Australia,Mobile,122,0.24,Standard,1,2024-05-01
68017,440,Squid Game,Action,Australia,Tablet,179,0.44,Basic,1,2024-03-21
71877,323,The Crown,Drama,Canada,Tablet,124,0.29,Premium,4,2024-06-21
53125,123,Ozark,Comedy,United States,Mobile,11,0.73,Standard,5,2024-06-02
59922,476,Black Mirror,Romance,Germany,TV,15,0.95,Basic,3,2024-05-29
42049,29,The Crown,Sci-Fi,Canada,TV,107,1.0,Standard,4,2024-02-27
47131,137,Dark,Action,Brazil,Tablet,65,0.51,Standard,5,2024-03-03
52944,195,Stranger Things,Sci-Fi,Australia,Laptop,72,0.33,Standard,5,2024-06-04
83963,409,Squid Game,Romance,Australia,TV,157,0.5,Standard,2,2024-12-21
34285,226,The Crown,Thriller,Australia,Tablet,144,0.86,Standard,2,2024-11-17
47626,332,Bridgerton,Action,Brazil,TV,158,0.29,Standard,1,2024-06-16
52808,170,The Witcher,Comedy,Australia,Laptop,106,0.96,Standard,1,2024-06-14
98464,9,The Witcher,Action,UK,Tablet,114,0.41,Premium,3,2024-03-25
63871,463,Squid Game,Sci-Fi,Brazil,Laptop,144,0.99,Premium,3,2024-05-16
29198,40,Dark,Drama,Germany,Tablet,175,0.85,Standard,3,2024-07-07
29758,25,The Witcher,Action,Canada,Laptop,55,0.83,Standard,3,2024-01-02
25254,261,The Crown,Comedy,Germany,TV,121,0.39,Premium,5,2024-04-15
54238,395,Ozark,Thriller,India,TV,169,0.11,Premium,5,2024-12-29
11252,443,Narcos,Crime,Australia,Laptop,50,0.44,Premium,1,2024-03-12
49764,226,Narcos,Drama,India,Laptop,57,0.37,Standard,2,2024-05-05
87709,472,Black Mirror,Thriller,United States,Laptop,92,0.13,Basic,2,2024-06-18
47441,124,Money Heist,Action,United States,Tablet,125,0.55,Basic,4,2024-07-23
63682,463,Stranger Things,Sci-Fi,India,TV,17,0.46,Basic,5,2024-11-08
69494,38,Squid Game,Romance,Brazil,Tablet,93,0.67,Basic,3,2024-12-02
91317,328,Black Mirror,Sci-Fi,Germany,TV,129,0.66,Standard,3,2024-07-13
75215,251,Money Heist,Comedy,India,Mobile,122,0.21,Basic,4,2024-06-06
88587,389,Dark,Sci-Fi,United States,Tablet,58,0.98,Premium,2,2024-05-20
16949,176,Bridgerton,Drama,India,TV,120,0.27,Premium,3,2024-10-01
65393,90,Bridgerton,Sci-Fi,Brazil,TV,122,0.5,Basic,2,2024-01-07
83553,402,Stranger Things,Comedy,India,Tablet,8,0.54,Premium,4,2024-02-23
16941,454,The Witcher,Crime,Germany,Tablet,79,0.83,Standard,2,2024-04-13
35934,37,The Crown,Action,Canada,TV,53,0.19,Basic,2,2024-12-07
33386,316,Black Mirror,Romance,Brazil,Tablet,11,0.49,Basic,2,2024-12-03
71886,176,Black Mirror,Action,United States,Laptop,114,0.67,Standard,3,2024-03-01
85745,461,Squid Game,Sci-Fi,Germany,Tablet,126,0.29,Premium,1,2024-03-27
93251,284,Squid Game,Thriller,India,Tablet,15,0.66,Standard,5,2024-09-14
63413,453,Bridgerton,Action,India,Tablet,96,0.93,Standard,2,2024-06-26
66800,461,Bridgerton,Crime,Canada,TV,177,1.0,Premium,2,2024-08-29
52318,81,Ozark,Sci-Fi,United States,Laptop,27,0.13,Standard,2,2024-07-21
80173,114,Ozark,Romance,United States,Mobile,32,0.31,Premium,1,2024-01-31
80390,40,The Witcher,Comedy,UK,Mobile,115,0.38,Premium,4,2024-10-15
62329,301,Ozark,Crime,United States,Laptop,61,0.46,Standard,3,2024-03-20
53088,224,The Crown,Sci-Fi,Canada,Laptop,30,0.32,Premium,1,2024-01-11
49811,318,The Crown,Crime,Australia,Laptop,157,0.28,Standard,2,2024-09-10
65479,349,Black Mirror,Action,UK,TV,58,0.96,Premium,1,2024-10-13
95392,115,Narcos,Romance,UK,Mobile,33,0.93,Basic,1,2024-06-24
97369,186,The Crown,Comedy,India,Laptop,101,0.14,Premium,1,2024-05-05
29963,323,Money Heist,Sci-Fi,India,TV,168,0.4,Premium,4,2024-02-16
65123,56,Bridgerton,Drama,United States,Mobile,18,0.46,Standard,5,2024-07-24
83477,40,Squid Game,Comedy,UK,Tablet,82,0.32,Premium,3,2024-04-16
24388,354,Ozark,Drama,India,TV,39,0.67,Basic,4,2024-10-01
15569,40,Black Mirror,Crime,Canada,Mobile,34,0.68,Basic,4,2024-12-02
79836,347,Stranger Things,Thriller,India,TV,96,0.87,Premium,5,2024-05-02
46586,461,Squid Game,Comedy,Brazil,Mobile,21,0.77,Premium,4,2024-05-13
22015,237,Money Heist,Crime,Brazil,Mobile,162,0.59,Basic,1,2024-04-16
55002,289,Ozark,Drama,India,Tablet,97,0.69,Standard,1,2024-10-31
16254,262,Money Heist,Action,UK,TV,177,0.35,Basic,2,2024-11-24
27144,216,Bridgerton,Action,Australia,Laptop,83,0.63,Basic,4,2024-02-19
34214,147,Bridgerton,Thriller,Australia,Tablet,114,0.54,Premium,2,2024-12-02
90719,336,The Witcher,Comedy,UK,Tablet,106,0.22,Premium,3,2024-04-04
81774,168,Black Mirror,Comedy,Germany,Mobile,110,0.32,Basic,1,2024-09-24
16090,92,Squid Game,Comedy,Australia,Laptop,51,0.36,Standard,3,2024-01-23
21637,353,Dark,Crime,Brazil,TV,68,0.93,Basic,5,2024-02-23
32415,59,Dark,Romance,Canada,Laptop,170,0.31,Basic,1,2024-09-10
34071,59,Squid Game,Romance,UK,Laptop,68,0.36,Standard,3,2024-08-22
68243,304,Stranger Things,Thriller,United States,Laptop,91,0.43,Basic,5,2024-02-28
51240,169,Black Mirror,Comedy,Brazil,Laptop,11,0.7,Basic,3,2024-06-12
93807,269,Money Heist,Crime,Canada,Laptop,26,0.21,Premium,5,2024-09-15
43434,363,Stranger Things,Action,Canada,Mobile,85,0.96,Standard,5,2024-11-09
79724,45,Narcos,Drama,UK,Mobile,173,0.88,Premium,1,2024-08-03
85697,345,Squid Game,Crime,Canada,Tablet,78,0.62,Premium,2,2024-07-01
38732,181,Money Heist,Romance,UK,Mobile,142,0.71,Standard,5,2024-02-26
21314,170,Dark,Romance,Australia,Tablet,139,0.11,Standard,5,2024-05-24
33954,356,The Crown,Action,India,Tablet,129,0.41,Basic,1,2024-03-30
67108,191,The Witcher,Action,Brazil,TV,54,0.82,Premium,2,2024-11-06
97044,155,Dark,Drama,Germany,Laptop,56,0.17,Standard,4,2024-02-14
97505,422,Black Mirror,Action,India,Mobile,165,0.35,Premium,4,2024-09-13
46668,188,Bridgerton,Thriller,Brazil,TV,5,0.63,Premium,2,2024-01-21
33061,7,The Crown,Drama,UK,Mobile,166,0.33,Standard,3,2024-01-21
89252,133,The Witcher,Action,Brazil,Tablet,8,0.94,Basic,1,2024-02-21
49749,235,The Witcher,Sci-Fi,Australia,Mobile,149,0.22,Premium,2,2024-12-03
26907,45,Narcos,Crime,UK,Laptop,136,0.82,Standard,4,2024-06-19
28777,314,Narcos,Action,India,Tablet,175,0.56,Basic,5,2024-03-07
61745,249,Ozark,Thriller,United States,Tablet,8,0.78,Premium,4,2024-04-22
91818,499,Dark,Comedy,United States,TV,5,0.38,Standard,5,2024-10-26
33624,31,Dark,Action,Brazil,Laptop,75,0.56,Premium,1,2024-06-08
33321,23,Dark,Romance,United States,Tablet,39,0.87,Standard,5,2024-09-22
20488,426,Ozark,Romance,UK,Laptop,12,0.52,Standard,2,2024-11-15
32574,394,Stranger Things,Romance,Canada,Mobile,156,0.42,Premium,5,2024-08-19
15240,160,The Witcher,Comedy,UK,Laptop,40,0.58,Premium,3,2024-11-20
53221,363,The Crown,Romance,Canada,Tablet,127,0.75,Standard,2,2024-03-08
20478,437,Black Mirror,Sci-Fi,India,TV,47,0.5,Basic,1,2024-01-28
65645,158,The Witcher,Action,Germany,Tablet,31,0.94,Premium,2,2024-04-25
29262,39,Narcos,Romance,Canada,Laptop,36,0.37,Standard,3,2024-02-20
62796,415,Money Heist,Drama,United States,Laptop,82,0.53,Standard,1,2024-06-29
14432,82,Bridgerton,Comedy,UK,Tablet,125,0.78,Basic,4,2024-09-16
74291,356,Ozark,Sci-Fi,India,Laptop,150,0.72,Basic,3,2024-03-19
89104,258,Squid Game,Drama,United States,Mobile,160,0.88,Basic,1,2024-09-29
69399,206,Money Heist,Drama,India,Tablet,161,1.0,Premium,5,2024-04-17
89714,77,Black Mirror,Drama,Germany,TV,20,0.48,Standard,2,2024-03-14
60428,477,Dark,Drama,Australia,Tablet,103,0.2,Standard,1,2024-06-23
97731,12,Narcos,Action,UK,Mobile,51,0.13,Standard,2,2024-07-02
10302,295,Narcos,Romance,Brazil,Mobile,35,0.75,Basic,5,2024-01-23
92558,450,Narcos,Crime,UK,Mobile,8,0.89,Standard,1,2024-09-30
10055,224,Dark,Action,Germany,Mobile,169,0.3,Premium,4,2024-05-08
18717,13,Squid Game,Action,UK,Mobile,21,0.24,Basic,3,2024-10-17
38699,46,Ozark,Sci-Fi,Brazil,TV,43,0.16,Basic,1,2024-11-15
83686,155,Money Heist,Sci-Fi,Canada,Laptop,52,0.84,Basic,5,2024-07-04
77661,113,Dark,Romance,India,Mobile,178,0.38,Basic,1,2024-02-28
54247,233,Black Mirror,Crime,Brazil,Mobile,43,0.46,Premium,2,2024-01-01
26748,17,Ozark,Sci-Fi,United States,Tablet,136,0.55,Standard,1,2024-05-10
14621,360,Black Mirror,Romance,Germany,TV,34,0.86,Premium,4,2024-03-07
25034,223,Ozark,Romance,Canada,TV,162,0.69,Standard,1,2024-10-19
15126,354,Squid Game,Thriller,United States,Laptop,26,0.65,Premium,3,2024-10-11
15122,188,Bridgerton,Crime,United States,TV,70,0.26,Basic,1,2024-03-29
28030,448,Black Mirror,Sci-Fi,Germany,Tablet,112,0.56,Basic,2,2024-04-09
92838,344,Dark,Crime,Canada,Tablet,16,0.74,Premium,1,2024-07-07
94717,365,Ozark,Action,Australia,Laptop,40,0.98,Premium,4,2024-12-11
65658,163,Narcos,Action,United States,Tablet,22,0.28,Standard,5,2024-08-28
48638,496,The Witcher,Crime,United States,Mobile,94,0.11,Premium,1,2024-09-26
77067,326,Narcos,Thriller,Canada,Mobile,5,0.17,Premium,1,2024-08-06
98869,467,Stranger Things,Thriller,UK,Tablet,131,0.44,Standard,3,2024-06-24
44674,414,Bridgerton,Crime,United States,Laptop,94,0.84,Standard,4,2024-12-06
45854,455,Bridgerton,Sci-Fi,India,TV,91,0.11,Standard,5,2024-08-20
56271,74,Narcos,Comedy,Canada,Laptop,94,0.51,Premium,2,2024-05-30
83688,233,Money Heist,Thriller,United States,TV,138,0.4,Standard,1,2024-10-03
48518,224,Squid Game,Drama,Germany,Tablet,74,0.15,Basic,5,2024-08-16
20267,482,Black Mirror,Action,Brazil,Tablet,48,0.51,Basic,2,2024-06-19
11062,319,Dark,Crime,India,Mobile,156,0.33,Basic,4,2024-08-10
60448,412,Bridgerton,Drama,Brazil,TV,90,0.42,Premium,4,2024-07-31
16229,60,Narcos,Crime,Brazil,Laptop,23,0.74,Basic,5,2024-10-08
66793,335,Narcos,Romance,United States,Tablet,105,0.57,Premium,2,2024-02-10
57915,222,Squid Game,Action,India,Laptop,150,0.21,Premium,4,2024-05-01
14632,37,Squid Game,Action,India,Mobile,99,0.97,Basic,5,2024-08-14
13596,477,The Crown,Thriller,UK,TV,105,0.67,Standard,4,2024-10-20
16168,278,The Crown,Thriller,Brazil,TV,34,0.79,Premium,4,2024-03-28
17561,196,Money Heist,Drama,India,Tablet,174,0.17,Basic,4,2024-09-23
83794,404,Money Heist,Romance,UK,TV,37,0.14,Premium,3,2024-01-29
92152,352,Stranger Things,Crime,Canada,Tablet,16,0.12,Standard,2,2024-09-03
36734,484,Money Heist,Romance,UK,Mobile,122,0.27,Standard,5,2024-11-11
16371,242,Ozark,Action,Germany,TV,98,0.47,Basic,5,2024-08-31
36069,324,Squid Game,Drama,Australia,Tablet,159,0.94,Premium,2,2024-03-01
89905,219,Dark,Comedy,United States,Laptop,171,0.51,Premium,2,2024-05-26
22910,192,Ozark,Drama,Canada,Tablet,141,0.36,Premium,2,2024-06-22
83479,17,Black Mirror,Sci-Fi,Australia,TV,153,0.61,Premium,2,2024-10-04
87735,12,Narcos,Drama,Australia,Mobile,80,0.2,Basic,1,2024-11-29
91264,406,Money Heist,Romance,Canada,TV,33,0.65,Standard,5,2024-05-21
33275,401,Narcos,Sci-Fi,Germany,TV,165,0.61,Basic,1,2024-02-13
82274,394,Bridgerton,Sci-Fi,UK,Tablet,121,0.81,Premium,4,2024-05-23
91449,374,Stranger Things,Sci-Fi,United States,Laptop,19,0.99,Premium,4,2024-12-18
70004,193,Bridgerton,Comedy,UK,TV,6,0.33,Standard,5,2024-11-28
72981,22,Stranger Things,Drama,India,Laptop,121,0.56,Premium,4,2024-02-24
94659,474,The Crown,Romance,UK,Tablet,176,0.92,Basic,2,2024-11-02
64553,120,Narcos,Drama,Canada,Laptop,22,0.81,Basic,1,2024-12-23
58447,210,Stranger Things,Comedy,United States,Tablet,7,0.54,Standard,2,2024-06-09
44529,306,The Witcher,Action,UK,Mobile,139,0.95,Basic,4,2024-10-11
85703,270,Ozark,Thriller,United States,Laptop,175,0.15,Basic,1,2024-11-20
86090,192,Stranger Things,Romance,United States,Laptop,170,0.94,Basic,2,2024-07-16
27260,175,Stranger Things,Romance,India,Mobile,169,0.15,Basic,5,2024-06-07
13812,285,Ozark,Drama,India,Laptop,165,0.59,Premium,2,2024-03-20
38024,204,Narcos,Thriller,Canada,Mobile,112,0.9,Basic,4,2024-01-31
68656,164,Narcos,Crime,Germany,TV,99,0.34,Standard,1,2024-04-21
37285,251,Ozark,Crime,Australia,Tablet,126,0.53,Standard,5,2024-02-15
11605,227,Bridgerton,Comedy,United States,Mobile,15,0.39,Basic,1,2024-12-18
81158,436,The Witcher,Crime,Germany,Laptop,72,0.96,Standard,5,2024-07-23
82303,381,Dark,Romance,Australia,Mobile,127,0.84,Basic,1,2024-02-21
37139,460,Black Mirror,Crime,Australia,Laptop,117,0.74,Standard,4,2024-05-17
87149,7,The Witcher,Action,Canada,TV,102,0.63,Standard,5,2024-03-14
66138,29,Narcos,Action,Australia,Mobile,97,0.84,Basic,3,2024-02-10
86125,395,Dark,Action,Australia,TV,26,0.45,Basic,1,2024-03-17
23918,33,The Crown,Crime,United States,Tablet,176,0.5,Premium,1,2024-07-05
95655,134,Money Heist,Comedy,United States,Laptop,131,0.76,Basic,2,2024-02-21
37446,367,Stranger Things,Sci-Fi,Brazil,Laptop,138,0.42,Basic,5,2024-03-27
23046,79,Ozark,Sci-Fi,Germany,TV,174,0.16,Premium,3,2024-04-18
34818,416,Ozark,Thriller,UK,Tablet,29,0.17,Basic,4,2024-08-12
14324,435,Stranger Things,Sci-Fi,India,Mobile,89,0.2,Basic,2,2024-09-04
86323,459,Money Heist,Sci-Fi,UK,Mobile,59,0.88,Premium,3,2024-03-09
19111,58,Black Mirror,Action,Germany,Laptop,148,0.53,Basic,5,2024-04-29
48110,471,Money Heist,Action,India,TV,99,0.74,Basic,3,2024-03-07
26389,26,Dark,Crime,UK,TV,146,0.45,Premium,1,2024-03-01
51427,482,Money Heist,Thriller,Brazil,Mobile,171,0.33,Premium,1,2024-11-22
89579,430,Dark,Drama,India,Tablet,160,0.41,Standard,2,2024-07-09
38746,226,Money Heist,Romance,United States,Tablet,123,0.81,Basic,5,2024-07-07
97886,285,Black Mirror,Thriller,UK,Mobile,13,0.66,Standard,5,2024-05-30
10117,4,Black Mirror,Thriller,India,Mobile,177,0.94,Standard,3,2024-10-12
94471,465,Narcos,Comedy,Brazil,TV,154,0.71,Premium,2,2024-04-05
23234,99,Stranger Things,Crime,Australia,Tablet,164,0.61,Basic,5,2024-11-07
63441,397,Black Mirror,Comedy,India,Mobile,46,0.65,Basic,1,2024-11-04
10846,489,Dark,Thriller,India,Mobile,57,0.95,Premium,3,2024-09-19
20954,39,Black Mirror,Thriller,Brazil,Laptop,78,0.81,Standard,4,2024-04-06
89239,271,Narcos,Thriller,Australia,Mobile,43,0.12,Premium,1,2024-04-22
56514,375,Ozark,Sci-Fi,UK,Mobile,126,0.58,Basic,2,2024-05-04
98236,285,Dark,Romance,Canada,Tablet,19,0.72,Premium,5,2024-05-11
16469,157,Narcos,Romance,UK,TV,161,0.77,Basic,1,2024-04-30
40105,75,Bridgerton,Comedy,Australia,Tablet,127,0.29,Standard,4,2024-07-15
52101,372,Bridgerton,Thriller,Germany,TV,115,0.88,Basic,4,2024-10-20
74323,288,The Crown,Romance,Brazil,Laptop,135,0.96,Standard,2,2024-05-01
68067,130,Money Heist,Action,UK,Mobile,87,0.31,Standard,1,2024-10-08
59376,175,Stranger Things,Romance,India,Laptop,14,0.89,Basic,3,2024-09-16
55587,462,Squid Game,Crime,Brazil,TV,96,0.19,Basic,1,2024-02-08
46976,84,The Witcher,Crime,United States,Tablet,33,0.15,Standard,4,2024-02-23
77584,22,Narcos,Romance,Australia,Tablet,39,0.22,Premium,2,2024-06-09
88477,459,Ozark,Action,UK,Laptop,10,0.15,Basic,2,2024-10-15
52533,27,The Witcher,Crime,Brazil,TV,144,0.86,Standard,3,2024-07-18
11828,195,Ozark,Sci-Fi,UK,Laptop,115,0.15,Standard,2,2024-10-02
11917,337,The Witcher,Romance,Brazil,Laptop,42,0.34,Premium,2,2024-01-16
30618,382,Narcos,Sci-Fi,India,Mobile,81,0.19,Basic,2,2024-06-21
42254,236,Squid Game,Romance,United States,Laptop,97,0.37,Standard,2,2024-09-04
57362,440,The Witcher,Drama,United States,Mobile,151,0.18,Premium,2,2024-08-05
30128,92,Narcos,Drama,Germany,Mobile,71,0.7,Standard,4,2024-03-27
69383,477,Black Mirror,Drama,Brazil,Tablet,140,0.22,Basic,1,2024-03-22
75545,21,Squid Game,Crime,UK,Mobile,12,0.87,Premium,5,2024-03-02
92180,303,Dark,Sci-Fi,United States,Mobile,126,0.84,Standard,2,2024-10-13
97958,464,Ozark,Sci-Fi,Australia,Tablet,88,0.11,Premium,5,2024-02-11
19865,357,Bridgerton,Sci-Fi,United States,Laptop,179,0.91,Basic,5,2024-01-12
12219,443,Money Heist,Action,Canada,TV,136,0.13,Premium,4,2024-11-16
49809,84,Bridgerton,Sci-Fi,Canada,TV,89,0.32,Basic,2,2024-08-21
15287,262,Squid Game,Action,United States,TV,49,0.13,Standard,5,2024-11-24
44387,147,Dark,Drama,Brazil,Laptop,140,0.4,Basic,2,2024-05-10
18512,441,Ozark,Drama,Germany,Mobile,91,0.56,Standard,3,2024-04-24
11342,453,Dark,Crime,United States,TV,20,0.82,Standard,3,2024-08-05
73076,387,The Witcher,Romance,India,Laptop,81,0.4,Basic,3,2024-05-16
29216,257,Ozark,Drama,UK,Mobile,13,0.73,Standard,5,2024-04-15
89767,58,The Witcher,Romance,Germany,Tablet,64,0.27,Premium,3,2024-06-27
36614,380,Narcos,Romance,India,TV,82,0.78,Standard,4,2024-01-16
46258,422,Squid Game,Crime,Germany,Mobile,81,0.31,Basic,4,2024-08-29
52078,15,Narcos,Thriller,India,TV,75,0.23,Premium,5,2024-11-29
93524,162,The Crown,Thriller,UK,TV,19,0.27,Premium,2,2024-08-13
22219,445,Dark,Comedy,UK,TV,75,0.26,Standard,1,2024-08-29
10235,163,The Witcher,Crime,Canada,Mobile,106,0.56,Standard,2,2024-05-20
52929,320,Black Mirror,Comedy,Brazil,Laptop,173,0.86,Basic,2,2024-07-17
77444,497,Narcos,Comedy,India,Mobile,26,0.17,Premium,2,2024-04-21
18567,281,The Crown,Thriller,Canada,TV,156,0.74,Basic,2,2024-05-06
80792,280,Stranger Things,Crime,India,Mobile,117,0.69,Standard,1,2024-01-21
75441,12,Bridgerton,Thriller,Canada,Tablet,176,0.89,Premium,3,2024-05-26
94555,274,Ozark,Comedy,UK,Laptop,5,0.32,Basic,2,2024-03-29
83698,271,The Crown,Crime,Germany,Mobile,14,0.51,Basic,4,2024-10-29
15415,492,Squid Game,Comedy,Australia,Tablet,114,0.93,Basic,5,2024-07-21
46159,208,Narcos,Sci-Fi,Canada,Laptop,117,0.69,Basic,5,2024-03-25
53925,27,Squid Game,Romance,India,Tablet,54,0.45,Basic,4,2024-06-15
15951,72,Bridgerton,Crime,India,Laptop,16,0.22,Premium,2,2024-03-12
97388,60,Black Mirror,Crime,Australia,Mobile,93,0.34,Basic,1,2024-10-24
18007,430,Dark,Romance,Brazil,Tablet,158,0.62,Premium,3,2024-01-09
51832,473,Dark,Comedy,UK,TV,116,0.75,Basic,5,2024-10-07
68596,145,Squid Game,Sci-Fi,India,Tablet,82,0.21,Standard,3,2024-09-14
40523,93,The Witcher,Action,United States,Laptop,173,0.64,Standard,1,2024-10-01
